
> team4s-frontend@0.1.0 test
> vitest run src/components/fansubs/FansubVersionBrowser.test.tsx src/components/fansubs/__tests__/ActiveFansubStory.test.tsx


 RUN  v3.2.4 /app

 ✓ src/components/fansubs/__tests__/ActiveFansubStory.test.tsx (1 test) 23ms
stderr | src/components/fansubs/FansubVersionBrowser.test.tsx > one deterministic group owner > keeps selection usable when storage access is blocked
Error: Uncaught [Error: blocked]
    at reportException (/app/node_modules/jsdom/lib/jsdom/living/helpers/runtime-script-errors.js:66:24)
    at innerInvokeEventListeners (/app/node_modules/jsdom/lib/jsdom/living/events/EventTarget-impl.js:353:9)
    at invokeEventListeners (/app/node_modules/jsdom/lib/jsdom/living/events/EventTarget-impl.js:286:3)
    at HTMLUnknownElementImpl._dispatch (/app/node_modules/jsdom/lib/jsdom/living/events/EventTarget-impl.js:233:9)
    at HTMLUnknownElementImpl.dispatchEvent (/app/node_modules/jsdom/lib/jsdom/living/events/EventTarget-impl.js:104:17)
    at HTMLUnknownElement.dispatchEvent (/app/node_modules/jsdom/lib/jsdom/living/generated/EventTarget.js:241:34)
    at Object.invokeGuardedCallbackDev (/app/node_modules/react-dom/cjs/react-dom.development.js:4213:16)
    at invokeGuardedCallback (/app/node_modules/react-dom/cjs/react-dom.development.js:4277:31)
    at beginWork$1 (/app/node_modules/react-dom/cjs/react-dom.development.js:27490:7)
    at performUnitOfWork (/app/node_modules/react-dom/cjs/react-dom.development.js:26599:12) Error: blocked
    at [90m/app/[39msrc/components/fansubs/FansubVersionBrowser.test.tsx:163:101
    at mockCall [90m(file:///app/[39mnode_modules/[4m@vitest/spy[24m/dist/index.js:96:15[90m)[39m
    at get [90m(file:///app/[39mnode_modules/[4mtinyspy[24m/dist/index.js:47:80[90m)[39m
    at resolveInitialActiveFansubGroupID [90m(/app/[39msrc/components/fansubs/FansubVersionBrowser.tsx:49:31[90m)[39m
    at [90m/app/[39msrc/components/fansubs/FansubVersionBrowser.tsx:127:87
    at mountState [90m(/app/[39mnode_modules/[4mreact-dom[24m/cjs/react-dom.development.js:16167:20[90m)[39m
    at Object.useState [90m(/app/[39mnode_modules/[4mreact-dom[24m/cjs/react-dom.development.js:16880:16[90m)[39m
    at useState [90m(/app/[39mnode_modules/[4mreact[24m/cjs/react.development.js:1622:21[90m)[39m
    at FansubVersionBrowser [90m(/app/[39msrc/components/fansubs/FansubVersionBrowser.tsx:127:57[90m)[39m
    at renderWithHooks [90m(/app/[39mnode_modules/[4mreact-dom[24m/cjs/react-dom.development.js:15486:18[90m)[39m
Error: Uncaught [Error: blocked]
    at reportException (/app/node_modules/jsdom/lib/jsdom/living/helpers/runtime-script-errors.js:66:24)
    at innerInvokeEventListeners (/app/node_modules/jsdom/lib/jsdom/living/events/EventTarget-impl.js:353:9)
    at invokeEventListeners (/app/node_modules/jsdom/lib/jsdom/living/events/EventTarget-impl.js:286:3)
    at HTMLUnknownElementImpl._dispatch (/app/node_modules/jsdom/lib/jsdom/living/events/EventTarget-impl.js:233:9)
    at HTMLUnknownElementImpl.dispatchEvent (/app/node_modules/jsdom/lib/jsdom/living/events/EventTarget-impl.js:104:17)
    at HTMLUnknownElement.dispatchEvent (/app/node_modules/jsdom/lib/jsdom/living/generated/EventTarget.js:241:34)
    at Object.invokeGuardedCallbackDev (/app/node_modules/react-dom/cjs/react-dom.development.js:4213:16)
    at invokeGuardedCallback (/app/node_modules/react-dom/cjs/react-dom.development.js:4277:31)
    at beginWork$1 (/app/node_modules/react-dom/cjs/react-dom.development.js:27490:7)
    at performUnitOfWork (/app/node_modules/react-dom/cjs/react-dom.development.js:26599:12) Error: blocked
    at [90m/app/[39msrc/components/fansubs/FansubVersionBrowser.test.tsx:163:101
    at mockCall [90m(file:///app/[39mnode_modules/[4m@vitest/spy[24m/dist/index.js:96:15[90m)[39m
    at get [90m(file:///app/[39mnode_modules/[4mtinyspy[24m/dist/index.js:47:80[90m)[39m
    at resolveInitialActiveFansubGroupID [90m(/app/[39msrc/components/fansubs/FansubVersionBrowser.tsx:49:31[90m)[39m
    at [90m/app/[39msrc/components/fansubs/FansubVersionBrowser.tsx:127:87
    at mountState [90m(/app/[39mnode_modules/[4mreact-dom[24m/cjs/react-dom.development.js:16167:20[90m)[39m
    at Object.useState [90m(/app/[39mnode_modules/[4mreact-dom[24m/cjs/react-dom.development.js:16880:16[90m)[39m
    at useState [90m(/app/[39mnode_modules/[4mreact[24m/cjs/react.development.js:1622:21[90m)[39m
    at FansubVersionBrowser [90m(/app/[39msrc/components/fansubs/FansubVersionBrowser.tsx:127:57[90m)[39m
    at renderWithHooks [90m(/app/[39mnode_modules/[4mreact-dom[24m/cjs/react-dom.development.js:15486:18[90m)[39m
The above error occurred in the <FansubVersionBrowser> component:

    at FansubVersionBrowser (/app/src/components/fansubs/FansubVersionBrowser.tsx:97:33)

Consider adding an error boundary to your tree to customize error handling behavior.
Visit https://reactjs.org/link/error-boundaries to learn more about error boundaries.

stderr | src/components/fansubs/FansubVersionBrowser.test.tsx > one deterministic group owner > keeps selection usable when storage read is blocked
Error: Uncaught [Error: blocked]
    at reportException (/app/node_modules/jsdom/lib/jsdom/living/helpers/runtime-script-errors.js:66:24)
    at innerInvokeEventListeners (/app/node_modules/jsdom/lib/jsdom/living/events/EventTarget-impl.js:353:9)
    at invokeEventListeners (/app/node_modules/jsdom/lib/jsdom/living/events/EventTarget-impl.js:286:3)
    at HTMLUnknownElementImpl._dispatch (/app/node_modules/jsdom/lib/jsdom/living/events/EventTarget-impl.js:233:9)
    at HTMLUnknownElementImpl.dispatchEvent (/app/node_modules/jsdom/lib/jsdom/living/events/EventTarget-impl.js:104:17)
    at HTMLUnknownElement.dispatchEvent (/app/node_modules/jsdom/lib/jsdom/living/generated/EventTarget.js:241:34)
    at Object.invokeGuardedCallbackDev (/app/node_modules/react-dom/cjs/react-dom.development.js:4213:16)
    at invokeGuardedCallback (/app/node_modules/react-dom/cjs/react-dom.development.js:4277:31)
    at beginWork$1 (/app/node_modules/react-dom/cjs/react-dom.development.js:27490:7)
    at performUnitOfWork (/app/node_modules/react-dom/cjs/react-dom.development.js:26599:12) Error: blocked
    at Proxy.<anonymous> [90m(/app/[39msrc/components/fansubs/FansubVersionBrowser.test.tsx:164:98[90m)[39m
    at Proxy.mockCall [90m(file:///app/[39mnode_modules/[4m@vitest/spy[24m/dist/index.js:96:15[90m)[39m
    at Proxy.getItem [90m(file:///app/[39mnode_modules/[4mtinyspy[24m/dist/index.js:47:80[90m)[39m
    at resolveInitialActiveFansubGroupID [90m(/app/[39msrc/components/fansubs/FansubVersionBrowser.tsx:49:44[90m)[39m
    at [90m/app/[39msrc/components/fansubs/FansubVersionBrowser.tsx:127:87
    at mountState [90m(/app/[39mnode_modules/[4mreact-dom[24m/cjs/react-dom.development.js:16167:20[90m)[39m
    at Object.useState [90m(/app/[39mnode_modules/[4mreact-dom[24m/cjs/react-dom.development.js:16880:16[90m)[39m
    at useState [90m(/app/[39mnode_modules/[4mreact[24m/cjs/react.development.js:1622:21[90m)[39m
    at FansubVersionBrowser [90m(/app/[39msrc/components/fansubs/FansubVersionBrowser.tsx:127:57[90m)[39m
    at renderWithHooks [90m(/app/[39mnode_modules/[4mreact-dom[24m/cjs/react-dom.development.js:15486:18[90m)[39m
Error: Uncaught [Error: blocked]
    at reportException (/app/node_modules/jsdom/lib/jsdom/living/helpers/runtime-script-errors.js:66:24)
    at innerInvokeEventListeners (/app/node_modules/jsdom/lib/jsdom/living/events/EventTarget-impl.js:353:9)
    at invokeEventListeners (/app/node_modules/jsdom/lib/jsdom/living/events/EventTarget-impl.js:286:3)
    at HTMLUnknownElementImpl._dispatch (/app/node_modules/jsdom/lib/jsdom/living/events/EventTarget-impl.js:233:9)
    at HTMLUnknownElementImpl.dispatchEvent (/app/node_modules/jsdom/lib/jsdom/living/events/EventTarget-impl.js:104:17)
    at HTMLUnknownElement.dispatchEvent (/app/node_modules/jsdom/lib/jsdom/living/generated/EventTarget.js:241:34)
    at Object.invokeGuardedCallbackDev (/app/node_modules/react-dom/cjs/react-dom.development.js:4213:16)
    at invokeGuardedCallback (/app/node_modules/react-dom/cjs/react-dom.development.js:4277:31)
    at beginWork$1 (/app/node_modules/react-dom/cjs/react-dom.development.js:27490:7)
    at performUnitOfWork (/app/node_modules/react-dom/cjs/react-dom.development.js:26599:12) Error: blocked
    at Proxy.<anonymous> [90m(/app/[39msrc/components/fansubs/FansubVersionBrowser.test.tsx:164:98[90m)[39m
    at Proxy.mockCall [90m(file:///app/[39mnode_modules/[4m@vitest/spy[24m/dist/index.js:96:15[90m)[39m
    at Proxy.getItem [90m(file:///app/[39mnode_modules/[4mtinyspy[24m/dist/index.js:47:80[90m)[39m
    at resolveInitialActiveFansubGroupID [90m(/app/[39msrc/components/fansubs/FansubVersionBrowser.tsx:49:44[90m)[39m
    at [90m/app/[39msrc/components/fansubs/FansubVersionBrowser.tsx:127:87
    at mountState [90m(/app/[39mnode_modules/[4mreact-dom[24m/cjs/react-dom.development.js:16167:20[90m)[39m
    at Object.useState [90m(/app/[39mnode_modules/[4mreact-dom[24m/cjs/react-dom.development.js:16880:16[90m)[39m
    at useState [90m(/app/[39mnode_modules/[4mreact[24m/cjs/react.development.js:1622:21[90m)[39m
    at FansubVersionBrowser [90m(/app/[39msrc/components/fansubs/FansubVersionBrowser.tsx:127:57[90m)[39m
    at renderWithHooks [90m(/app/[39mnode_modules/[4mreact-dom[24m/cjs/react-dom.development.js:15486:18[90m)[39m
The above error occurred in the <FansubVersionBrowser> component:

    at FansubVersionBrowser (/app/src/components/fansubs/FansubVersionBrowser.tsx:97:33)

Consider adding an error boundary to your tree to customize error handling behavior.
Visit https://reactjs.org/link/error-boundaries to learn more about error boundaries.

stderr | src/components/fansubs/FansubVersionBrowser.test.tsx > one deterministic group owner > keeps selection usable when storage write is blocked
Error: Uncaught [Error: blocked]
    at reportException (/app/node_modules/jsdom/lib/jsdom/living/helpers/runtime-script-errors.js:66:24)
    at innerInvokeEventListeners (/app/node_modules/jsdom/lib/jsdom/living/events/EventTarget-impl.js:353:9)
    at invokeEventListeners (/app/node_modules/jsdom/lib/jsdom/living/events/EventTarget-impl.js:286:3)
    at HTMLUnknownElementImpl._dispatch (/app/node_modules/jsdom/lib/jsdom/living/events/EventTarget-impl.js:233:9)
    at HTMLUnknownElementImpl.dispatchEvent (/app/node_modules/jsdom/lib/jsdom/living/events/EventTarget-impl.js:104:17)
    at HTMLUnknownElement.dispatchEvent (/app/node_modules/jsdom/lib/jsdom/living/generated/EventTarget.js:241:34)
    at Object.invokeGuardedCallbackDev (/app/node_modules/react-dom/cjs/react-dom.development.js:4213:16)
    at invokeGuardedCallback (/app/node_modules/react-dom/cjs/react-dom.development.js:4277:31)
    at reportUncaughtErrorInDEV (/app/node_modules/react-dom/cjs/react-dom.development.js:22877:5)
    at captureCommitPhaseError (/app/node_modules/react-dom/cjs/react-dom.development.js:27165:5) Error: blocked
    at Proxy.<anonymous> [90m(/app/[39msrc/components/fansubs/FansubVersionBrowser.test.tsx:165:99[90m)[39m
    at Proxy.mockCall [90m(file:///app/[39mnode_modules/[4m@vitest/spy[24m/dist/index.js:96:15[90m)[39m
    at Proxy.setItem [90m(file:///app/[39mnode_modules/[4mtinyspy[24m/dist/index.js:47:80[90m)[39m
    at [90m/app/[39msrc/components/fansubs/FansubVersionBrowser.tsx:141:25
    at commitHookEffectListMount [90m(/app/[39mnode_modules/[4mreact-dom[24m/cjs/react-dom.development.js:23189:26[90m)[39m
    at commitPassiveMountOnFiber [90m(/app/[39mnode_modules/[4mreact-dom[24m/cjs/react-dom.development.js:24970:11[90m)[39m
    at commitPassiveMountEffects_complete [90m(/app/[39mnode_modules/[4mreact-dom[24m/cjs/react-dom.development.js:24930:9[90m)[39m
    at commitPassiveMountEffects_begin [90m(/app/[39mnode_modules/[4mreact-dom[24m/cjs/react-dom.development.js:24917:7[90m)[39m
    at commitPassiveMountEffects [90m(/app/[39mnode_modules/[4mreact-dom[24m/cjs/react-dom.development.js:24905:3[90m)[39m
    at flushPassiveEffectsImpl [90m(/app/[39mnode_modules/[4mreact-dom[24m/cjs/react-dom.development.js:27078:3[90m)[39m
The above error occurred in the <FansubVersionBrowser> component:

    at FansubVersionBrowser (/app/src/components/fansubs/FansubVersionBrowser.tsx:97:33)

Consider adding an error boundary to your tree to customize error handling behavior.
Visit https://reactjs.org/link/error-boundaries to learn more about error boundaries.

 ❯ src/components/fansubs/FansubVersionBrowser.test.tsx (26 tests | 17 failed) 594ms
   ✓ authoritative anime project navigation > links the primary and selected group via their stored slugs 76ms
   ✓ authoritative anime project navigation > uses the existing encoder and trims authoritative slugs 5ms
   ✓ authoritative anime project navigation > retains numeric compatibility when the anime slug is undefined 5ms
   ✓ authoritative anime project navigation > retains numeric compatibility when the anime slug is "" 5ms
   ✓ authoritative anime project navigation > retains numeric compatibility when the anime slug is "   " 4ms
   ✓ authoritative anime project navigation > retains numeric compatibility when the selected group has no slug 4ms
   ✓ authoritative anime project navigation > renders no invented group link without a group 2ms
   ✓ authoritative anime project navigation > keeps real episode titles and expansion behavior 18ms
   ✓ authoritative anime project navigation > gives the white episode card the existing dark text token inherited by its header 0ms
   × one deterministic group owner > changes story, pressed filter and variants together without polling or mount writes 54ms
     → Unable to find an accessible element with the role "article"

Here are the accessible roles:

  button:

  Name "Anderer Gruppenname":
  [36m<button[39m
    [33maria-pressed[39m=[32m"true"[39m
    [33mclass[39m=[32m"_filterChip_62cc84 _filterChipActive_62cc84"[39m
    [33mtype[39m=[32m"button"[39m
  [36m/>[39m

  Name "Zweite Gruppe":
  [36m<button[39m
    [33maria-pressed[39m=[32m"false"[39m
    [33mclass[39m=[32m"_filterChip_62cc84 "[39m
    [33mtype[39m=[32m"button"[39m
  [36m/>[39m

  Name "Folge 1 Gruppenfolge +2 Versionen":
  [36m<button[39m
    [33maria-controls[39m=[32m"episode-versions-1"[39m
    [33maria-expanded[39m=[32m"true"[39m
    [33mclass[39m=[32m"_episodeHeader_62cc84"[39m
    [33mtype[39m=[32m"button"[39m
  [36m/>[39m

  --------------------------------------------------
  link:

  Name "Zum Gruppenbereich":
  [36m<a[39m
    [33maria-label[39m=[32m"Zum Gruppenbereich"[39m
    [33mclass[39m=[32m"_groupButton_62cc84"[39m
    [33mhref[39m=[32m"/anime/22/group/7"[39m
  [36m/>[39m

  Name "Version abspielen":
  [36m<a[39m
    [33maria-label[39m=[32m"Version abspielen"[39m
    [33mclass[39m=[32m"_playButton_62cc84"[39m
    [33mhref[39m=[32m"/api/releases/10/stream"[39m
    [33mrel[39m=[32m"noreferrer"[39m
    [33mtarget[39m=[32m"_blank"[39m
  [36m/>[39m

  --------------------------------------------------
  list:

  Name "":
  [36m<ul[39m
    [33mclass[39m=[32m"_episodeList_62cc84"[39m
  [36m/>[39m

  --------------------------------------------------
  listitem:

  Name "":
  [36m<li[39m
    [33mclass[39m=[32m"_episodeCard_62cc84"[39m
  [36m/>[39m

  --------------------------------------------------
  paragraph:

  Name "":
  [36m<p[39m
    [33mclass[39m=[32m"_episodeNumber_62cc84"[39m
  [36m/>[39m

  Name "":
  [36m<p[39m
    [33mclass[39m=[32m"_summaryLine_62cc84"[39m
  [36m/>[39m

  Name "":
  [36m<p[39m
    [33mclass[39m=[32m"_versionGroupName_62cc84"[39m
  [36m/>[39m

  Name "":
  [36m<p[39m
    [33mclass[39m=[32m"_versionReleaseName_62cc84"[39m
  [36m/>[39m

  --------------------------------------------------

Ignored nodes: comments, script, style
[36m<body>[39m
  [36m<div>[39m
    [36m<section[39m
      [33mclass[39m=[32m"_section_62cc84"[39m
    [36m>[39m
      [36m<div[39m
        [33mclass[39m=[32m"_filterRow_62cc84"[39m
      [36m>[39m
        [36m<button[39m
          [33maria-pressed[39m=[32m"true"[39m
          [33mclass[39m=[32m"_filterChip_62cc84 _filterChipActive_62cc84"[39m
          [33mtype[39m=[32m"button"[39m
        [36m>[39m
          [0mAnderer Gruppenname[0m
        [36m</button>[39m
        [36m<button[39m
          [33maria-pressed[39m=[32m"false"[39m
          [33mclass[39m=[32m"_filterChip_62cc84 "[39m
          [33mtype[39m=[32m"button"[39m
        [36m>[39m
          [0mZweite Gruppe[0m
        [36m</button>[39m
      [36m</div>[39m
      [36m<div[39m
        [33mclass[39m=[32m"_groupCtaRow_62cc84"[39m
      [36m>[39m
        [36m<a[39m
          [33maria-label[39m=[32m"Zum Gruppenbereich"[39m
          [33mclass[39m=[32m"_groupButton_62cc84"[39m
          [33mhref[39m=[32m"/anime/22/group/7"[39m
        [36m>[39m
          [0mGruppenbereich[0m
        [36m</a>[39m
      [36m</div>[39m
      [36m<ul[39m
        [33mclass[39m=[32m"_episodeList_62cc84"[39m
      [36m>[39m
        [36m<li[39m
          [33mclass[39m=[32m"_episodeCard_62cc84"[39m
        [36m>[39m
          [36m<button[39m
            [33maria-controls[39m=[32m"episode-versions-1"[39m
            [33maria-expanded[39m=[32m"true"[39m
            [33mclass[39m=[32m"_episodeHeader_62cc84"[39m
            [33mtype[39m=[32m"button"[39m
          [36m>[39m
            [36m<div>[39m
              [36m<p[39m
                [33mclass[39m=[32m"_episodeNumber_62cc84"[39m
              [36m>[39m
                [0mFolge [0m
                [0m1[0m
              [36m</p>[39m
              [36m<p[39m
                [33mclass[39m=[32m"_summaryLine_62cc84"[39m
              [36m>[39m
                [0mGruppenfolge[0m
              [36m</p>[39m
            [36m</div>[39m
            [36m<span[39m
              [33mclass[39m=[32m"_countBadge_62cc84"[39m
            [36m>[39m
              [0m+2 Versionen[0m
            [36m</span>[39m
          [36m</button>[39m
          [36m<div[39m
            [33mclass[39m=[32m"_versionList_62cc84"[39m
            [33mid[39m=[32m"episode-versions-1"[39m
          [36m>[39m
            [36m<div[39m
              [33mclass[39m=[32m"_versionRow_62cc84"[39m
            [36m>[39m
              [36m<div[39m
                [33mclass[39m=[32m"_versionMeta_62cc84"[39m
              [36m>[39m
                [36m<div[39m
                  [33mclass[39m=[32m"_versionIdentity_62cc84"[39m
                [36m>[39m
                  [36m<div[39m
                    [33maria-hidden[39m=[32m"true"[39m
                    [33mclass[39m=[32m"_versionLogoFallback_62cc84"[39m
                  [36m>[39m
                    [0mA[0m
                  [36m</div>[39m
                  [36m<div[39m
                    [33mclass[39m=[32m"_versionIdentityText_62cc84"[39m
                  [36m>[39m
                    [36m<p[39m
                      [33mclass[39m=[32m"_versionGroupName_62cc84"[39m
                    [36m>[39m
                      [0mAnderer Gruppenname[0m
                    [36m</p>[39m
                    [36m<p[39m
                      [33mclass[39m=[32m"_versionReleaseName_62cc84"[39m
                    [36m>[39m
                      [0mVariante 7[0m
                    [36m</p>[39m
                  [36m</div>[39m
                [36m</div>[39m
                [36m<div[39m
                  [33mclass[39m=[32m"_badgeRow_62cc84"[39m
                [36m>[39m
                  [36m<span[39m
                    [33mclass[39m=[32m"_metaBadge_62cc84"[39m
                  [36m>[39m
                    [0mn/a[0m
                  [36m</span>[39m
                  [36m<span[39m
                    [33mclass[39m=[32m"_metaBadge_62cc84"[39m
                  [36m>[39m
                    [0mUnbekannt[0m
                  [36m</span>[39m
                  [36m<span[39m
                    [33mclass[39m=[32m"_metaBadge_62cc84"[39m
                  [36m>[39m
                    [0mKein Datum[0m
                  [36m</span>[39m
                [36m</div>[39m
              [36m</div>[39m
              [36m<a[39m
                [33maria-label[39m=[32m"Version abspielen"[39m
                [33mclass[39m=[32m"_playButton_62cc84"[39m
                [33mhref[39m=[32m"/api/releases/10/stream"[39m
                [33mrel[39m=[32m"noreferrer"[39m
                [33mtarget[39m=[32m"_blank"[39m
              [36m>[39m
                [0mPlay[0m
              [36m</a>[39m
            [36m</div>[39m
          [36m</div>[39m
        [36m</li>[39m
      [36m</ul>[39m
    [36m</section>[39m
  [36m</div>[39m
[36m</body>[39m
   × one deterministic group owner > hydrates deterministic primary HTML then restores secondary in StrictMode without overwriting it 5ms
     → expected '<section class="_section_62cc84"><div…' to match /aria-pressed="true"[^>]*>Anderer Grup…/
   × one deterministic group owner > uses last own-key event; ignores foreign keys and never writes back 15ms
     → expected 'false' to be 'true' // Object.is equality
   × one deterministic group owner > falls back on removed/invalid selection null 49ms
     → Unable to find an accessible element with the role "article"

Here are the accessible roles:

  button:

  Name "Anderer Gruppenname":
  [36m<button[39m
    [33maria-pressed[39m=[32m"true"[39m
    [33mclass[39m=[32m"_filterChip_62cc84 _filterChipActive_62cc84"[39m
    [33mtype[39m=[32m"button"[39m
  [36m/>[39m

  Name "Zweite Gruppe":
  [36m<button[39m
    [33maria-pressed[39m=[32m"false"[39m
    [33mclass[39m=[32m"_filterChip_62cc84 "[39m
    [33mtype[39m=[32m"button"[39m
  [36m/>[39m

  Name "Folge 1 Gruppenfolge +2 Versionen":
  [36m<button[39m
    [33maria-controls[39m=[32m"episode-versions-1"[39m
    [33maria-expanded[39m=[32m"true"[39m
    [33mclass[39m=[32m"_episodeHeader_62cc84"[39m
    [33mtype[39m=[32m"button"[39m
  [36m/>[39m

  --------------------------------------------------
  link:

  Name "Zum Gruppenbereich":
  [36m<a[39m
    [33maria-label[39m=[32m"Zum Gruppenbereich"[39m
    [33mclass[39m=[32m"_groupButton_62cc84"[39m
    [33mhref[39m=[32m"/anime/22/group/7"[39m
  [36m/>[39m

  Name "Version abspielen":
  [36m<a[39m
    [33maria-label[39m=[32m"Version abspielen"[39m
    [33mclass[39m=[32m"_playButton_62cc84"[39m
    [33mhref[39m=[32m"/api/releases/10/stream"[39m
    [33mrel[39m=[32m"noreferrer"[39m
    [33mtarget[39m=[32m"_blank"[39m
  [36m/>[39m

  --------------------------------------------------
  list:

  Name "":
  [36m<ul[39m
    [33mclass[39m=[32m"_episodeList_62cc84"[39m
  [36m/>[39m

  --------------------------------------------------
  listitem:

  Name "":
  [36m<li[39m
    [33mclass[39m=[32m"_episodeCard_62cc84"[39m
  [36m/>[39m

  --------------------------------------------------
  paragraph:

  Name "":
  [36m<p[39m
    [33mclass[39m=[32m"_episodeNumber_62cc84"[39m
  [36m/>[39m

  Name "":
  [36m<p[39m
    [33mclass[39m=[32m"_summaryLine_62cc84"[39m
  [36m/>[39m

  Name "":
  [36m<p[39m
    [33mclass[39m=[32m"_versionGroupName_62cc84"[39m
  [36m/>[39m

  Name "":
  [36m<p[39m
    [33mclass[39m=[32m"_versionReleaseName_62cc84"[39m
  [36m/>[39m

  --------------------------------------------------

Ignored nodes: comments, script, style
[36m<body>[39m
  [36m<div>[39m
    [36m<section[39m
      [33mclass[39m=[32m"_section_62cc84"[39m
    [36m>[39m
      [36m<div[39m
        [33mclass[39m=[32m"_filterRow_62cc84"[39m
      [36m>[39m
        [36m<button[39m
          [33maria-pressed[39m=[32m"true"[39m
          [33mclass[39m=[32m"_filterChip_62cc84 _filterChipActive_62cc84"[39m
          [33mtype[39m=[32m"button"[39m
        [36m>[39m
          [0mAnderer Gruppenname[0m
        [36m</button>[39m
        [36m<button[39m
          [33maria-pressed[39m=[32m"false"[39m
          [33mclass[39m=[32m"_filterChip_62cc84 "[39m
          [33mtype[39m=[32m"button"[39m
        [36m>[39m
          [0mZweite Gruppe[0m
        [36m</button>[39m
      [36m</div>[39m
      [36m<div[39m
        [33mclass[39m=[32m"_groupCtaRow_62cc84"[39m
      [36m>[39m
        [36m<a[39m
          [33maria-label[39m=[32m"Zum Gruppenbereich"[39m
          [33mclass[39m=[32m"_groupButton_62cc84"[39m
          [33mhref[39m=[32m"/anime/22/group/7"[39m
        [36m>[39m
          [0mGruppenbereich[0m
        [36m</a>[39m
      [36m</div>[39m
      [36m<ul[39m
        [33mclass[39m=[32m"_episodeList_62cc84"[39m
      [36m>[39m
        [36m<li[39m
          [33mclass[39m=[32m"_episodeCard_62cc84"[39m
        [36m>[39m
          [36m<button[39m
            [33maria-controls[39m=[32m"episode-versions-1"[39m
            [33maria-expanded[39m=[32m"true"[39m
            [33mclass[39m=[32m"_episodeHeader_62cc84"[39m
            [33mtype[39m=[32m"button"[39m
          [36m>[39m
            [36m<div>[39m
              [36m<p[39m
                [33mclass[39m=[32m"_episodeNumber_62cc84"[39m
              [36m>[39m
                [0mFolge [0m
                [0m1[0m
              [36m</p>[39m
              [36m<p[39m
                [33mclass[39m=[32m"_summaryLine_62cc84"[39m
              [36m>[39m
                [0mGruppenfolge[0m
              [36m</p>[39m
            [36m</div>[39m
            [36m<span[39m
              [33mclass[39m=[32m"_countBadge_62cc84"[39m
            [36m>[39m
              [0m+2 Versionen[0m
            [36m</span>[39m
          [36m</button>[39m
          [36m<div[39m
            [33mclass[39m=[32m"_versionList_62cc84"[39m
            [33mid[39m=[32m"episode-versions-1"[39m
          [36m>[39m
            [36m<div[39m
              [33mclass[39m=[32m"_versionRow_62cc84"[39m
            [36m>[39m
              [36m<div[39m
                [33mclass[39m=[32m"_versionMeta_62cc84"[39m
              [36m>[39m
                [36m<div[39m
                  [33mclass[39m=[32m"_versionIdentity_62cc84"[39m
                [36m>[39m
                  [36m<div[39m
                    [33maria-hidden[39m=[32m"true"[39m
                    [33mclass[39m=[32m"_versionLogoFallback_62cc84"[39m
                  [36m>[39m
                    [0mA[0m
                  [36m</div>[39m
                  [36m<div[39m
                    [33mclass[39m=[32m"_versionIdentityText_62cc84"[39m
                  [36m>[39m
                    [36m<p[39m
                      [33mclass[39m=[32m"_versionGroupName_62cc84"[39m
                    [36m>[39m
                      [0mAnderer Gruppenname[0m
                    [36m</p>[39m
                    [36m<p[39m
                      [33mclass[39m=[32m"_versionReleaseName_62cc84"[39m
                    [36m>[39m
                      [0mVariante 7[0m
                    [36m</p>[39m
                  [36m</div>[39m
                [36m</div>[39m
                [36m<div[39m
                  [33mclass[39m=[32m"_badgeRow_62cc84"[39m
                [36m>[39m
                  [36m<span[39m
                    [33mclass[39m=[32m"_metaBadge_62cc84"[39m
                  [36m>[39m
                    [0mn/a[0m
                  [36m</span>[39m
                  [36m<span[39m
                    [33mclass[39m=[32m"_metaBadge_62cc84"[39m
                  [36m>[39m
                    [0mUnbekannt[0m
                  [36m</span>[39m
                  [36m<span[39m
                    [33mclass[39m=[32m"_metaBadge_62cc84"[39m
                  [36m>[39m
                    [0mKein Datum[0m
                  [36m</span>[39m
                [36m</div>[39m
              [36m</div>[39m
              [36m<a[39m
                [33maria-label[39m=[32m"Version abspielen"[39m
                [33mclass[39m=[32m"_playButton_62cc84"[39m
                [33mhref[39m=[32m"/api/releases/10/stream"[39m
                [33mrel[39m=[32m"noreferrer"[39m
                [33mtarget[39m=[32m"_blank"[39m
              [36m>[39m
                [0mPlay[0m
              [36m</a>[39m
            [36m</div>[39m
          [36m</div>[39m
        [36m</li>[39m
      [36m</ul>[39m
    [36m</section>[39m
  [36m</div>[39m
[36m</body>[39m
   × one deterministic group owner > falls back on removed/invalid selection oops 35ms
     → Unable to find an accessible element with the role "article"

Here are the accessible roles:

  button:

  Name "Anderer Gruppenname":
  [36m<button[39m
    [33maria-pressed[39m=[32m"true"[39m
    [33mclass[39m=[32m"_filterChip_62cc84 _filterChipActive_62cc84"[39m
    [33mtype[39m=[32m"button"[39m
  [36m/>[39m

  Name "Zweite Gruppe":
  [36m<button[39m
    [33maria-pressed[39m=[32m"false"[39m
    [33mclass[39m=[32m"_filterChip_62cc84 "[39m
    [33mtype[39m=[32m"button"[39m
  [36m/>[39m

  Name "Folge 1 Gruppenfolge +2 Versionen":
  [36m<button[39m
    [33maria-controls[39m=[32m"episode-versions-1"[39m
    [33maria-expanded[39m=[32m"true"[39m
    [33mclass[39m=[32m"_episodeHeader_62cc84"[39m
    [33mtype[39m=[32m"button"[39m
  [36m/>[39m

  --------------------------------------------------
  link:

  Name "Zum Gruppenbereich":
  [36m<a[39m
    [33maria-label[39m=[32m"Zum Gruppenbereich"[39m
    [33mclass[39m=[32m"_groupButton_62cc84"[39m
    [33mhref[39m=[32m"/anime/22/group/7"[39m
  [36m/>[39m

  Name "Version abspielen":
  [36m<a[39m
    [33maria-label[39m=[32m"Version abspielen"[39m
    [33mclass[39m=[32m"_playButton_62cc84"[39m
    [33mhref[39m=[32m"/api/releases/10/stream"[39m
    [33mrel[39m=[32m"noreferrer"[39m
    [33mtarget[39m=[32m"_blank"[39m
  [36m/>[39m

  --------------------------------------------------
  list:

  Name "":
  [36m<ul[39m
    [33mclass[39m=[32m"_episodeList_62cc84"[39m
  [36m/>[39m

  --------------------------------------------------
  listitem:

  Name "":
  [36m<li[39m
    [33mclass[39m=[32m"_episodeCard_62cc84"[39m
  [36m/>[39m

  --------------------------------------------------
  paragraph:

  Name "":
  [36m<p[39m
    [33mclass[39m=[32m"_episodeNumber_62cc84"[39m
  [36m/>[39m

  Name "":
  [36m<p[39m
    [33mclass[39m=[32m"_summaryLine_62cc84"[39m
  [36m/>[39m

  Name "":
  [36m<p[39m
    [33mclass[39m=[32m"_versionGroupName_62cc84"[39m
  [36m/>[39m

  Name "":
  [36m<p[39m
    [33mclass[39m=[32m"_versionReleaseName_62cc84"[39m
  [36m/>[39m

  --------------------------------------------------

Ignored nodes: comments, script, style
[36m<body>[39m
  [36m<div>[39m
    [36m<section[39m
      [33mclass[39m=[32m"_section_62cc84"[39m
    [36m>[39m
      [36m<div[39m
        [33mclass[39m=[32m"_filterRow_62cc84"[39m
      [36m>[39m
        [36m<button[39m
          [33maria-pressed[39m=[32m"true"[39m
          [33mclass[39m=[32m"_filterChip_62cc84 _filterChipActive_62cc84"[39m
          [33mtype[39m=[32m"button"[39m
        [36m>[39m
          [0mAnderer Gruppenname[0m
        [36m</button>[39m
        [36m<button[39m
          [33maria-pressed[39m=[32m"false"[39m
          [33mclass[39m=[32m"_filterChip_62cc84 "[39m
          [33mtype[39m=[32m"button"[39m
        [36m>[39m
          [0mZweite Gruppe[0m
        [36m</button>[39m
      [36m</div>[39m
      [36m<div[39m
        [33mclass[39m=[32m"_groupCtaRow_62cc84"[39m
      [36m>[39m
        [36m<a[39m
          [33maria-label[39m=[32m"Zum Gruppenbereich"[39m
          [33mclass[39m=[32m"_groupButton_62cc84"[39m
          [33mhref[39m=[32m"/anime/22/group/7"[39m
        [36m>[39m
          [0mGruppenbereich[0m
        [36m</a>[39m
      [36m</div>[39m
      [36m<ul[39m
        [33mclass[39m=[32m"_episodeList_62cc84"[39m
      [36m>[39m
        [36m<li[39m
          [33mclass[39m=[32m"_episodeCard_62cc84"[39m
        [36m>[39m
          [36m<button[39m
            [33maria-controls[39m=[32m"episode-versions-1"[39m
            [33maria-expanded[39m=[32m"true"[39m
            [33mclass[39m=[32m"_episodeHeader_62cc84"[39m
            [33mtype[39m=[32m"button"[39m
          [36m>[39m
            [36m<div>[39m
              [36m<p[39m
                [33mclass[39m=[32m"_episodeNumber_62cc84"[39m
              [36m>[39m
                [0mFolge [0m
                [0m1[0m
              [36m</p>[39m
              [36m<p[39m
                [33mclass[39m=[32m"_summaryLine_62cc84"[39m
              [36m>[39m
                [0mGruppenfolge[0m
              [36m</p>[39m
            [36m</div>[39m
            [36m<span[39m
              [33mclass[39m=[32m"_countBadge_62cc84"[39m
            [36m>[39m
              [0m+2 Versionen[0m
            [36m</span>[39m
          [36m</button>[39m
          [36m<div[39m
            [33mclass[39m=[32m"_versionList_62cc84"[39m
            [33mid[39m=[32m"episode-versions-1"[39m
          [36m>[39m
            [36m<div[39m
              [33mclass[39m=[32m"_versionRow_62cc84"[39m
            [36m>[39m
              [36m<div[39m
                [33mclass[39m=[32m"_versionMeta_62cc84"[39m
              [36m>[39m
                [36m<div[39m
                  [33mclass[39m=[32m"_versionIdentity_62cc84"[39m
                [36m>[39m
                  [36m<div[39m
                    [33maria-hidden[39m=[32m"true"[39m
                    [33mclass[39m=[32m"_versionLogoFallback_62cc84"[39m
                  [36m>[39m
                    [0mA[0m
                  [36m</div>[39m
                  [36m<div[39m
                    [33mclass[39m=[32m"_versionIdentityText_62cc84"[39m
                  [36m>[39m
                    [36m<p[39m
                      [33mclass[39m=[32m"_versionGroupName_62cc84"[39m
                    [36m>[39m
                      [0mAnderer Gruppenname[0m
                    [36m</p>[39m
                    [36m<p[39m
                      [33mclass[39m=[32m"_versionReleaseName_62cc84"[39m
                    [36m>[39m
                      [0mVariante 7[0m
                    [36m</p>[39m
                  [36m</div>[39m
                [36m</div>[39m
                [36m<div[39m
                  [33mclass[39m=[32m"_badgeRow_62cc84"[39m
                [36m>[39m
                  [36m<span[39m
                    [33mclass[39m=[32m"_metaBadge_62cc84"[39m
                  [36m>[39m
                    [0mn/a[0m
                  [36m</span>[39m
                  [36m<span[39m
                    [33mclass[39m=[32m"_metaBadge_62cc84"[39m
                  [36m>[39m
                    [0mUnbekannt[0m
                  [36m</span>[39m
                  [36m<span[39m
                    [33mclass[39m=[32m"_metaBadge_62cc84"[39m
                  [36m>[39m
                    [0mKein Datum[0m
                  [36m</span>[39m
                [36m</div>[39m
              [36m</div>[39m
              [36m<a[39m
                [33maria-label[39m=[32m"Version abspielen"[39m
                [33mclass[39m=[32m"_playButton_62cc84"[39m
                [33mhref[39m=[32m"/api/releases/10/stream"[39m
                [33mrel[39m=[32m"noreferrer"[39m
                [33mtarget[39m=[32m"_blank"[39m
              [36m>[39m
                [0mPlay[0m
              [36m</a>[39m
            [36m</div>[39m
          [36m</div>[39m
        [36m</li>[39m
      [36m</ul>[39m
    [36m</section>[39m
  [36m</div>[39m
[36m</body>[39m
   × one deterministic group owner > falls back on removed/invalid selection null 33ms
     → Unable to find an accessible element with the role "article"

Here are the accessible roles:

  button:

  Name "Anderer Gruppenname":
  [36m<button[39m
    [33maria-pressed[39m=[32m"true"[39m
    [33mclass[39m=[32m"_filterChip_62cc84 _filterChipActive_62cc84"[39m
    [33mtype[39m=[32m"button"[39m
  [36m/>[39m

  Name "Zweite Gruppe":
  [36m<button[39m
    [33maria-pressed[39m=[32m"false"[39m
    [33mclass[39m=[32m"_filterChip_62cc84 "[39m
    [33mtype[39m=[32m"button"[39m
  [36m/>[39m

  Name "Folge 1 Gruppenfolge +2 Versionen":
  [36m<button[39m
    [33maria-controls[39m=[32m"episode-versions-1"[39m
    [33maria-expanded[39m=[32m"true"[39m
    [33mclass[39m=[32m"_episodeHeader_62cc84"[39m
    [33mtype[39m=[32m"button"[39m
  [36m/>[39m

  --------------------------------------------------
  link:

  Name "Zum Gruppenbereich":
  [36m<a[39m
    [33maria-label[39m=[32m"Zum Gruppenbereich"[39m
    [33mclass[39m=[32m"_groupButton_62cc84"[39m
    [33mhref[39m=[32m"/anime/22/group/7"[39m
  [36m/>[39m

  Name "Version abspielen":
  [36m<a[39m
    [33maria-label[39m=[32m"Version abspielen"[39m
    [33mclass[39m=[32m"_playButton_62cc84"[39m
    [33mhref[39m=[32m"/api/releases/10/stream"[39m
    [33mrel[39m=[32m"noreferrer"[39m
    [33mtarget[39m=[32m"_blank"[39m
  [36m/>[39m

  --------------------------------------------------
  list:

  Name "":
  [36m<ul[39m
    [33mclass[39m=[32m"_episodeList_62cc84"[39m
  [36m/>[39m

  --------------------------------------------------
  listitem:

  Name "":
  [36m<li[39m
    [33mclass[39m=[32m"_episodeCard_62cc84"[39m
  [36m/>[39m

  --------------------------------------------------
  paragraph:

  Name "":
  [36m<p[39m
    [33mclass[39m=[32m"_episodeNumber_62cc84"[39m
  [36m/>[39m

  Name "":
  [36m<p[39m
    [33mclass[39m=[32m"_summaryLine_62cc84"[39m
  [36m/>[39m

  Name "":
  [36m<p[39m
    [33mclass[39m=[32m"_versionGroupName_62cc84"[39m
  [36m/>[39m

  Name "":
  [36m<p[39m
    [33mclass[39m=[32m"_versionReleaseName_62cc84"[39m
  [36m/>[39m

  --------------------------------------------------

Ignored nodes: comments, script, style
[36m<body>[39m
  [36m<div>[39m
    [36m<section[39m
      [33mclass[39m=[32m"_section_62cc84"[39m
    [36m>[39m
      [36m<div[39m
        [33mclass[39m=[32m"_filterRow_62cc84"[39m
      [36m>[39m
        [36m<button[39m
          [33maria-pressed[39m=[32m"true"[39m
          [33mclass[39m=[32m"_filterChip_62cc84 _filterChipActive_62cc84"[39m
          [33mtype[39m=[32m"button"[39m
        [36m>[39m
          [0mAnderer Gruppenname[0m
        [36m</button>[39m
        [36m<button[39m
          [33maria-pressed[39m=[32m"false"[39m
          [33mclass[39m=[32m"_filterChip_62cc84 "[39m
          [33mtype[39m=[32m"button"[39m
        [36m>[39m
          [0mZweite Gruppe[0m
        [36m</button>[39m
      [36m</div>[39m
      [36m<div[39m
        [33mclass[39m=[32m"_groupCtaRow_62cc84"[39m
      [36m>[39m
        [36m<a[39m
          [33maria-label[39m=[32m"Zum Gruppenbereich"[39m
          [33mclass[39m=[32m"_groupButton_62cc84"[39m
          [33mhref[39m=[32m"/anime/22/group/7"[39m
        [36m>[39m
          [0mGruppenbereich[0m
        [36m</a>[39m
      [36m</div>[39m
      [36m<ul[39m
        [33mclass[39m=[32m"_episodeList_62cc84"[39m
      [36m>[39m
        [36m<li[39m
          [33mclass[39m=[32m"_episodeCard_62cc84"[39m
        [36m>[39m
          [36m<button[39m
            [33maria-controls[39m=[32m"episode-versions-1"[39m
            [33maria-expanded[39m=[32m"true"[39m
            [33mclass[39m=[32m"_episodeHeader_62cc84"[39m
            [33mtype[39m=[32m"button"[39m
          [36m>[39m
            [36m<div>[39m
              [36m<p[39m
                [33mclass[39m=[32m"_episodeNumber_62cc84"[39m
              [36m>[39m
                [0mFolge [0m
                [0m1[0m
              [36m</p>[39m
              [36m<p[39m
                [33mclass[39m=[32m"_summaryLine_62cc84"[39m
              [36m>[39m
                [0mGruppenfolge[0m
              [36m</p>[39m
            [36m</div>[39m
            [36m<span[39m
              [33mclass[39m=[32m"_countBadge_62cc84"[39m
            [36m>[39m
              [0m+2 Versionen[0m
            [36m</span>[39m
          [36m</button>[39m
          [36m<div[39m
            [33mclass[39m=[32m"_versionList_62cc84"[39m
            [33mid[39m=[32m"episode-versions-1"[39m
          [36m>[39m
            [36m<div[39m
              [33mclass[39m=[32m"_versionRow_62cc84"[39m
            [36m>[39m
              [36m<div[39m
                [33mclass[39m=[32m"_versionMeta_62cc84"[39m
              [36m>[39m
                [36m<div[39m
                  [33mclass[39m=[32m"_versionIdentity_62cc84"[39m
                [36m>[39m
                  [36m<div[39m
                    [33maria-hidden[39m=[32m"true"[39m
                    [33mclass[39m=[32m"_versionLogoFallback_62cc84"[39m
                  [36m>[39m
                    [0mA[0m
                  [36m</div>[39m
                  [36m<div[39m
                    [33mclass[39m=[32m"_versionIdentityText_62cc84"[39m
                  [36m>[39m
                    [36m<p[39m
                      [33mclass[39m=[32m"_versionGroupName_62cc84"[39m
                    [36m>[39m
                      [0mAnderer Gruppenname[0m
                    [36m</p>[39m
                    [36m<p[39m
                      [33mclass[39m=[32m"_versionReleaseName_62cc84"[39m
                    [36m>[39m
                      [0mVariante 7[0m
                    [36m</p>[39m
                  [36m</div>[39m
                [36m</div>[39m
                [36m<div[39m
                  [33mclass[39m=[32m"_badgeRow_62cc84"[39m
                [36m>[39m
                  [36m<span[39m
                    [33mclass[39m=[32m"_metaBadge_62cc84"[39m
                  [36m>[39m
                    [0mn/a[0m
                  [36m</span>[39m
                  [36m<span[39m
                    [33mclass[39m=[32m"_metaBadge_62cc84"[39m
                  [36m>[39m
                    [0mUnbekannt[0m
                  [36m</span>[39m
                  [36m<span[39m
                    [33mclass[39m=[32m"_metaBadge_62cc84"[39m
                  [36m>[39m
                    [0mKein Datum[0m
                  [36m</span>[39m
                [36m</div>[39m
              [36m</div>[39m
              [36m<a[39m
                [33maria-label[39m=[32m"Version abspielen"[39m
                [33mclass[39m=[32m"_playButton_62cc84"[39m
                [33mhref[39m=[32m"/api/releases/10/stream"[39m
                [33mrel[39m=[32m"noreferrer"[39m
                [33mtarget[39m=[32m"_blank"[39m
              [36m>[39m
                [0mPlay[0m
              [36m</a>[39m
            [36m</div>[39m
          [36m</div>[39m
        [36m</li>[39m
      [36m</ul>[39m
    [36m</section>[39m
  [36m</div>[39m
[36m</body>[39m
   × one deterministic group owner > falls back on removed/invalid selection {} 35ms
     → Unable to find an accessible element with the role "article"

Here are the accessible roles:

  button:

  Name "Anderer Gruppenname":
  [36m<button[39m
    [33maria-pressed[39m=[32m"true"[39m
    [33mclass[39m=[32m"_filterChip_62cc84 _filterChipActive_62cc84"[39m
    [33mtype[39m=[32m"button"[39m
  [36m/>[39m

  Name "Zweite Gruppe":
  [36m<button[39m
    [33maria-pressed[39m=[32m"false"[39m
    [33mclass[39m=[32m"_filterChip_62cc84 "[39m
    [33mtype[39m=[32m"button"[39m
  [36m/>[39m

  Name "Folge 1 Gruppenfolge +2 Versionen":
  [36m<button[39m
    [33maria-controls[39m=[32m"episode-versions-1"[39m
    [33maria-expanded[39m=[32m"true"[39m
    [33mclass[39m=[32m"_episodeHeader_62cc84"[39m
    [33mtype[39m=[32m"button"[39m
  [36m/>[39m

  --------------------------------------------------
  link:

  Name "Zum Gruppenbereich":
  [36m<a[39m
    [33maria-label[39m=[32m"Zum Gruppenbereich"[39m
    [33mclass[39m=[32m"_groupButton_62cc84"[39m
    [33mhref[39m=[32m"/anime/22/group/7"[39m
  [36m/>[39m

  Name "Version abspielen":
  [36m<a[39m
    [33maria-label[39m=[32m"Version abspielen"[39m
    [33mclass[39m=[32m"_playButton_62cc84"[39m
    [33mhref[39m=[32m"/api/releases/10/stream"[39m
    [33mrel[39m=[32m"noreferrer"[39m
    [33mtarget[39m=[32m"_blank"[39m
  [36m/>[39m

  --------------------------------------------------
  list:

  Name "":
  [36m<ul[39m
    [33mclass[39m=[32m"_episodeList_62cc84"[39m
  [36m/>[39m

  --------------------------------------------------
  listitem:

  Name "":
  [36m<li[39m
    [33mclass[39m=[32m"_episodeCard_62cc84"[39m
  [36m/>[39m

  --------------------------------------------------
  paragraph:

  Name "":
  [36m<p[39m
    [33mclass[39m=[32m"_episodeNumber_62cc84"[39m
  [36m/>[39m

  Name "":
  [36m<p[39m
    [33mclass[39m=[32m"_summaryLine_62cc84"[39m
  [36m/>[39m

  Name "":
  [36m<p[39m
    [33mclass[39m=[32m"_versionGroupName_62cc84"[39m
  [36m/>[39m

  Name "":
  [36m<p[39m
    [33mclass[39m=[32m"_versionReleaseName_62cc84"[39m
  [36m/>[39m

  --------------------------------------------------

Ignored nodes: comments, script, style
[36m<body>[39m
  [36m<div>[39m
    [36m<section[39m
      [33mclass[39m=[32m"_section_62cc84"[39m
    [36m>[39m
      [36m<div[39m
        [33mclass[39m=[32m"_filterRow_62cc84"[39m
      [36m>[39m
        [36m<button[39m
          [33maria-pressed[39m=[32m"true"[39m
          [33mclass[39m=[32m"_filterChip_62cc84 _filterChipActive_62cc84"[39m
          [33mtype[39m=[32m"button"[39m
        [36m>[39m
          [0mAnderer Gruppenname[0m
        [36m</button>[39m
        [36m<button[39m
          [33maria-pressed[39m=[32m"false"[39m
          [33mclass[39m=[32m"_filterChip_62cc84 "[39m
          [33mtype[39m=[32m"button"[39m
        [36m>[39m
          [0mZweite Gruppe[0m
        [36m</button>[39m
      [36m</div>[39m
      [36m<div[39m
        [33mclass[39m=[32m"_groupCtaRow_62cc84"[39m
      [36m>[39m
        [36m<a[39m
          [33maria-label[39m=[32m"Zum Gruppenbereich"[39m
          [33mclass[39m=[32m"_groupButton_62cc84"[39m
          [33mhref[39m=[32m"/anime/22/group/7"[39m
        [36m>[39m
          [0mGruppenbereich[0m
        [36m</a>[39m
      [36m</div>[39m
      [36m<ul[39m
        [33mclass[39m=[32m"_episodeList_62cc84"[39m
      [36m>[39m
        [36m<li[39m
          [33mclass[39m=[32m"_episodeCard_62cc84"[39m
        [36m>[39m
          [36m<button[39m
            [33maria-controls[39m=[32m"episode-versions-1"[39m
            [33maria-expanded[39m=[32m"true"[39m
            [33mclass[39m=[32m"_episodeHeader_62cc84"[39m
            [33mtype[39m=[32m"button"[39m
          [36m>[39m
            [36m<div>[39m
              [36m<p[39m
                [33mclass[39m=[32m"_episodeNumber_62cc84"[39m
              [36m>[39m
                [0mFolge [0m
                [0m1[0m
              [36m</p>[39m
              [36m<p[39m
                [33mclass[39m=[32m"_summaryLine_62cc84"[39m
              [36m>[39m
                [0mGruppenfolge[0m
              [36m</p>[39m
            [36m</div>[39m
            [36m<span[39m
              [33mclass[39m=[32m"_countBadge_62cc84"[39m
            [36m>[39m
              [0m+2 Versionen[0m
            [36m</span>[39m
          [36m</button>[39m
          [36m<div[39m
            [33mclass[39m=[32m"_versionList_62cc84"[39m
            [33mid[39m=[32m"episode-versions-1"[39m
          [36m>[39m
            [36m<div[39m
              [33mclass[39m=[32m"_versionRow_62cc84"[39m
            [36m>[39m
              [36m<div[39m
                [33mclass[39m=[32m"_versionMeta_62cc84"[39m
              [36m>[39m
                [36m<div[39m
                  [33mclass[39m=[32m"_versionIdentity_62cc84"[39m
                [36m>[39m
                  [36m<div[39m
                    [33maria-hidden[39m=[32m"true"[39m
                    [33mclass[39m=[32m"_versionLogoFallback_62cc84"[39m
                  [36m>[39m
                    [0mA[0m
                  [36m</div>[39m
                  [36m<div[39m
                    [33mclass[39m=[32m"_versionIdentityText_62cc84"[39m
                  [36m>[39m
                    [36m<p[39m
                      [33mclass[39m=[32m"_versionGroupName_62cc84"[39m
                    [36m>[39m
                      [0mAnderer Gruppenname[0m
                    [36m</p>[39m
                    [36m<p[39m
                      [33mclass[39m=[32m"_versionReleaseName_62cc84"[39m
                    [36m>[39m
                      [0mVariante 7[0m
                    [36m</p>[39m
                  [36m</div>[39m
                [36m</div>[39m
                [36m<div[39m
                  [33mclass[39m=[32m"_badgeRow_62cc84"[39m
                [36m>[39m
                  [36m<span[39m
                    [33mclass[39m=[32m"_metaBadge_62cc84"[39m
                  [36m>[39m
                    [0mn/a[0m
                  [36m</span>[39m
                  [36m<span[39m
                    [33mclass[39m=[32m"_metaBadge_62cc84"[39m
                  [36m>[39m
                    [0mUnbekannt[0m
                  [36m</span>[39m
                  [36m<span[39m
                    [33mclass[39m=[32m"_metaBadge_62cc84"[39m
                  [36m>[39m
                    [0mKein Datum[0m
                  [36m</span>[39m
                [36m</div>[39m
              [36m</div>[39m
              [36m<a[39m
                [33maria-label[39m=[32m"Version abspielen"[39m
                [33mclass[39m=[32m"_playButton_62cc84"[39m
                [33mhref[39m=[32m"/api/releases/10/stream"[39m
                [33mrel[39m=[32m"noreferrer"[39m
                [33mtarget[39m=[32m"_blank"[39m
              [36m>[39m
                [0mPlay[0m
              [36m</a>[39m
            [36m</div>[39m
          [36m</div>[39m
        [36m</li>[39m
      [36m</ul>[39m
    [36m</section>[39m
  [36m</div>[39m
[36m</body>[39m
   × one deterministic group owner > falls back on removed/invalid selection {"activeFansubGroupId":0} 32ms
     → Unable to find an accessible element with the role "article"

Here are the accessible roles:

  button:

  Name "Anderer Gruppenname":
  [36m<button[39m
    [33maria-pressed[39m=[32m"true"[39m
    [33mclass[39m=[32m"_filterChip_62cc84 _filterChipActive_62cc84"[39m
    [33mtype[39m=[32m"button"[39m
  [36m/>[39m

  Name "Zweite Gruppe":
  [36m<button[39m
    [33maria-pressed[39m=[32m"false"[39m
    [33mclass[39m=[32m"_filterChip_62cc84 "[39m
    [33mtype[39m=[32m"button"[39m
  [36m/>[39m

  Name "Folge 1 Gruppenfolge +2 Versionen":
  [36m<button[39m
    [33maria-controls[39m=[32m"episode-versions-1"[39m
    [33maria-expanded[39m=[32m"true"[39m
    [33mclass[39m=[32m"_episodeHeader_62cc84"[39m
    [33mtype[39m=[32m"button"[39m
  [36m/>[39m

  --------------------------------------------------
  link:

  Name "Zum Gruppenbereich":
  [36m<a[39m
    [33maria-label[39m=[32m"Zum Gruppenbereich"[39m
    [33mclass[39m=[32m"_groupButton_62cc84"[39m
    [33mhref[39m=[32m"/anime/22/group/7"[39m
  [36m/>[39m

  Name "Version abspielen":
  [36m<a[39m
    [33maria-label[39m=[32m"Version abspielen"[39m
    [33mclass[39m=[32m"_playButton_62cc84"[39m
    [33mhref[39m=[32m"/api/releases/10/stream"[39m
    [33mrel[39m=[32m"noreferrer"[39m
    [33mtarget[39m=[32m"_blank"[39m
  [36m/>[39m

  --------------------------------------------------
  list:

  Name "":
  [36m<ul[39m
    [33mclass[39m=[32m"_episodeList_62cc84"[39m
  [36m/>[39m

  --------------------------------------------------
  listitem:

  Name "":
  [36m<li[39m
    [33mclass[39m=[32m"_episodeCard_62cc84"[39m
  [36m/>[39m

  --------------------------------------------------
  paragraph:

  Name "":
  [36m<p[39m
    [33mclass[39m=[32m"_episodeNumber_62cc84"[39m
  [36m/>[39m

  Name "":
  [36m<p[39m
    [33mclass[39m=[32m"_summaryLine_62cc84"[39m
  [36m/>[39m

  Name "":
  [36m<p[39m
    [33mclass[39m=[32m"_versionGroupName_62cc84"[39m
  [36m/>[39m

  Name "":
  [36m<p[39m
    [33mclass[39m=[32m"_versionReleaseName_62cc84"[39m
  [36m/>[39m

  --------------------------------------------------

Ignored nodes: comments, script, style
[36m<body>[39m
  [36m<div>[39m
    [36m<section[39m
      [33mclass[39m=[32m"_section_62cc84"[39m
    [36m>[39m
      [36m<div[39m
        [33mclass[39m=[32m"_filterRow_62cc84"[39m
      [36m>[39m
        [36m<button[39m
          [33maria-pressed[39m=[32m"true"[39m
          [33mclass[39m=[32m"_filterChip_62cc84 _filterChipActive_62cc84"[39m
          [33mtype[39m=[32m"button"[39m
        [36m>[39m
          [0mAnderer Gruppenname[0m
        [36m</button>[39m
        [36m<button[39m
          [33maria-pressed[39m=[32m"false"[39m
          [33mclass[39m=[32m"_filterChip_62cc84 "[39m
          [33mtype[39m=[32m"button"[39m
        [36m>[39m
          [0mZweite Gruppe[0m
        [36m</button>[39m
      [36m</div>[39m
      [36m<div[39m
        [33mclass[39m=[32m"_groupCtaRow_62cc84"[39m
      [36m>[39m
        [36m<a[39m
          [33maria-label[39m=[32m"Zum Gruppenbereich"[39m
          [33mclass[39m=[32m"_groupButton_62cc84"[39m
          [33mhref[39m=[32m"/anime/22/group/7"[39m
        [36m>[39m
          [0mGruppenbereich[0m
        [36m</a>[39m
      [36m</div>[39m
      [36m<ul[39m
        [33mclass[39m=[32m"_episodeList_62cc84"[39m
      [36m>[39m
        [36m<li[39m
          [33mclass[39m=[32m"_episodeCard_62cc84"[39m
        [36m>[39m
          [36m<button[39m
            [33maria-controls[39m=[32m"episode-versions-1"[39m
            [33maria-expanded[39m=[32m"true"[39m
            [33mclass[39m=[32m"_episodeHeader_62cc84"[39m
            [33mtype[39m=[32m"button"[39m
          [36m>[39m
            [36m<div>[39m
              [36m<p[39m
                [33mclass[39m=[32m"_episodeNumber_62cc84"[39m
              [36m>[39m
                [0mFolge [0m
                [0m1[0m
              [36m</p>[39m
              [36m<p[39m
                [33mclass[39m=[32m"_summaryLine_62cc84"[39m
              [36m>[39m
                [0mGruppenfolge[0m
              [36m</p>[39m
            [36m</div>[39m
            [36m<span[39m
              [33mclass[39m=[32m"_countBadge_62cc84"[39m
            [36m>[39m
              [0m+2 Versionen[0m
            [36m</span>[39m
          [36m</button>[39m
          [36m<div[39m
            [33mclass[39m=[32m"_versionList_62cc84"[39m
            [33mid[39m=[32m"episode-versions-1"[39m
          [36m>[39m
            [36m<div[39m
              [33mclass[39m=[32m"_versionRow_62cc84"[39m
            [36m>[39m
              [36m<div[39m
                [33mclass[39m=[32m"_versionMeta_62cc84"[39m
              [36m>[39m
                [36m<div[39m
                  [33mclass[39m=[32m"_versionIdentity_62cc84"[39m
                [36m>[39m
                  [36m<div[39m
                    [33maria-hidden[39m=[32m"true"[39m
                    [33mclass[39m=[32m"_versionLogoFallback_62cc84"[39m
                  [36m>[39m
                    [0mA[0m
                  [36m</div>[39m
                  [36m<div[39m
                    [33mclass[39m=[32m"_versionIdentityText_62cc84"[39m
                  [36m>[39m
                    [36m<p[39m
                      [33mclass[39m=[32m"_versionGroupName_62cc84"[39m
                    [36m>[39m
                      [0mAnderer Gruppenname[0m
                    [36m</p>[39m
                    [36m<p[39m
                      [33mclass[39m=[32m"_versionReleaseName_62cc84"[39m
                    [36m>[39m
                      [0mVariante 7[0m
                    [36m</p>[39m
                  [36m</div>[39m
                [36m</div>[39m
                [36m<div[39m
                  [33mclass[39m=[32m"_badgeRow_62cc84"[39m
                [36m>[39m
                  [36m<span[39m
                    [33mclass[39m=[32m"_metaBadge_62cc84"[39m
                  [36m>[39m
                    [0mn/a[0m
                  [36m</span>[39m
                  [36m<span[39m
                    [33mclass[39m=[32m"_metaBadge_62cc84"[39m
                  [36m>[39m
                    [0mUnbekannt[0m
                  [36m</span>[39m
                  [36m<span[39m
                    [33mclass[39m=[32m"_metaBadge_62cc84"[39m
                  [36m>[39m
                    [0mKein Datum[0m
                  [36m</span>[39m
                [36m</div>[39m
              [36m</div>[39m
              [36m<a[39m
                [33maria-label[39m=[32m"Version abspielen"[39m
                [33mclass[39m=[32m"_playButton_62cc84"[39m
                [33mhref[39m=[32m"/api/releases/10/stream"[39m
                [33mrel[39m=[32m"noreferrer"[39m
                [33mtarget[39m=[32m"_blank"[39m
              [36m>[39m
                [0mPlay[0m
              [36m</a>[39m
            [36m</div>[39m
          [36m</div>[39m
        [36m</li>[39m
      [36m</ul>[39m
    [36m</section>[39m
  [36m</div>[39m
[36m</body>[39m
   × one deterministic group owner > falls back on removed/invalid selection {"activeFansubGroupId":-1} 31ms
     → Unable to find an accessible element with the role "article"

Here are the accessible roles:

  button:

  Name "Anderer Gruppenname":
  [36m<button[39m
    [33maria-pressed[39m=[32m"true"[39m
    [33mclass[39m=[32m"_filterChip_62cc84 _filterChipActive_62cc84"[39m
    [33mtype[39m=[32m"button"[39m
  [36m/>[39m

  Name "Zweite Gruppe":
  [36m<button[39m
    [33maria-pressed[39m=[32m"false"[39m
    [33mclass[39m=[32m"_filterChip_62cc84 "[39m
    [33mtype[39m=[32m"button"[39m
  [36m/>[39m

  Name "Folge 1 Gruppenfolge +2 Versionen":
  [36m<button[39m
    [33maria-controls[39m=[32m"episode-versions-1"[39m
    [33maria-expanded[39m=[32m"true"[39m
    [33mclass[39m=[32m"_episodeHeader_62cc84"[39m
    [33mtype[39m=[32m"button"[39m
  [36m/>[39m

  --------------------------------------------------
  link:

  Name "Zum Gruppenbereich":
  [36m<a[39m
    [33maria-label[39m=[32m"Zum Gruppenbereich"[39m
    [33mclass[39m=[32m"_groupButton_62cc84"[39m
    [33mhref[39m=[32m"/anime/22/group/7"[39m
  [36m/>[39m

  Name "Version abspielen":
  [36m<a[39m
    [33maria-label[39m=[32m"Version abspielen"[39m
    [33mclass[39m=[32m"_playButton_62cc84"[39m
    [33mhref[39m=[32m"/api/releases/10/stream"[39m
    [33mrel[39m=[32m"noreferrer"[39m
    [33mtarget[39m=[32m"_blank"[39m
  [36m/>[39m

  --------------------------------------------------
  list:

  Name "":
  [36m<ul[39m
    [33mclass[39m=[32m"_episodeList_62cc84"[39m
  [36m/>[39m

  --------------------------------------------------
  listitem:

  Name "":
  [36m<li[39m
    [33mclass[39m=[32m"_episodeCard_62cc84"[39m
  [36m/>[39m

  --------------------------------------------------
  paragraph:

  Name "":
  [36m<p[39m
    [33mclass[39m=[32m"_episodeNumber_62cc84"[39m
  [36m/>[39m

  Name "":
  [36m<p[39m
    [33mclass[39m=[32m"_summaryLine_62cc84"[39m
  [36m/>[39m

  Name "":
  [36m<p[39m
    [33mclass[39m=[32m"_versionGroupName_62cc84"[39m
  [36m/>[39m

  Name "":
  [36m<p[39m
    [33mclass[39m=[32m"_versionReleaseName_62cc84"[39m
  [36m/>[39m

  --------------------------------------------------

Ignored nodes: comments, script, style
[36m<body>[39m
  [36m<div>[39m
    [36m<section[39m
      [33mclass[39m=[32m"_section_62cc84"[39m
    [36m>[39m
      [36m<div[39m
        [33mclass[39m=[32m"_filterRow_62cc84"[39m
      [36m>[39m
        [36m<button[39m
          [33maria-pressed[39m=[32m"true"[39m
          [33mclass[39m=[32m"_filterChip_62cc84 _filterChipActive_62cc84"[39m
          [33mtype[39m=[32m"button"[39m
        [36m>[39m
          [0mAnderer Gruppenname[0m
        [36m</button>[39m
        [36m<button[39m
          [33maria-pressed[39m=[32m"false"[39m
          [33mclass[39m=[32m"_filterChip_62cc84 "[39m
          [33mtype[39m=[32m"button"[39m
        [36m>[39m
          [0mZweite Gruppe[0m
        [36m</button>[39m
      [36m</div>[39m
      [36m<div[39m
        [33mclass[39m=[32m"_groupCtaRow_62cc84"[39m
      [36m>[39m
        [36m<a[39m
          [33maria-label[39m=[32m"Zum Gruppenbereich"[39m
          [33mclass[39m=[32m"_groupButton_62cc84"[39m
          [33mhref[39m=[32m"/anime/22/group/7"[39m
        [36m>[39m
          [0mGruppenbereich[0m
        [36m</a>[39m
      [36m</div>[39m
      [36m<ul[39m
        [33mclass[39m=[32m"_episodeList_62cc84"[39m
      [36m>[39m
        [36m<li[39m
          [33mclass[39m=[32m"_episodeCard_62cc84"[39m
        [36m>[39m
          [36m<button[39m
            [33maria-controls[39m=[32m"episode-versions-1"[39m
            [33maria-expanded[39m=[32m"true"[39m
            [33mclass[39m=[32m"_episodeHeader_62cc84"[39m
            [33mtype[39m=[32m"button"[39m
          [36m>[39m
            [36m<div>[39m
              [36m<p[39m
                [33mclass[39m=[32m"_episodeNumber_62cc84"[39m
              [36m>[39m
                [0mFolge [0m
                [0m1[0m
              [36m</p>[39m
              [36m<p[39m
                [33mclass[39m=[32m"_summaryLine_62cc84"[39m
              [36m>[39m
                [0mGruppenfolge[0m
              [36m</p>[39m
            [36m</div>[39m
            [36m<span[39m
              [33mclass[39m=[32m"_countBadge_62cc84"[39m
            [36m>[39m
              [0m+2 Versionen[0m
            [36m</span>[39m
          [36m</button>[39m
          [36m<div[39m
            [33mclass[39m=[32m"_versionList_62cc84"[39m
            [33mid[39m=[32m"episode-versions-1"[39m
          [36m>[39m
            [36m<div[39m
              [33mclass[39m=[32m"_versionRow_62cc84"[39m
            [36m>[39m
              [36m<div[39m
                [33mclass[39m=[32m"_versionMeta_62cc84"[39m
              [36m>[39m
                [36m<div[39m
                  [33mclass[39m=[32m"_versionIdentity_62cc84"[39m
                [36m>[39m
                  [36m<div[39m
                    [33maria-hidden[39m=[32m"true"[39m
                    [33mclass[39m=[32m"_versionLogoFallback_62cc84"[39m
                  [36m>[39m
                    [0mA[0m
                  [36m</div>[39m
                  [36m<div[39m
                    [33mclass[39m=[32m"_versionIdentityText_62cc84"[39m
                  [36m>[39m
                    [36m<p[39m
                      [33mclass[39m=[32m"_versionGroupName_62cc84"[39m
                    [36m>[39m
                      [0mAnderer Gruppenname[0m
                    [36m</p>[39m
                    [36m<p[39m
                      [33mclass[39m=[32m"_versionReleaseName_62cc84"[39m
                    [36m>[39m
                      [0mVariante 7[0m
                    [36m</p>[39m
                  [36m</div>[39m
                [36m</div>[39m
                [36m<div[39m
                  [33mclass[39m=[32m"_badgeRow_62cc84"[39m
                [36m>[39m
                  [36m<span[39m
                    [33mclass[39m=[32m"_metaBadge_62cc84"[39m
                  [36m>[39m
                    [0mn/a[0m
                  [36m</span>[39m
                  [36m<span[39m
                    [33mclass[39m=[32m"_metaBadge_62cc84"[39m
                  [36m>[39m
                    [0mUnbekannt[0m
                  [36m</span>[39m
                  [36m<span[39m
                    [33mclass[39m=[32m"_metaBadge_62cc84"[39m
                  [36m>[39m
                    [0mKein Datum[0m
                  [36m</span>[39m
                [36m</div>[39m
              [36m</div>[39m
              [36m<a[39m
                [33maria-label[39m=[32m"Version abspielen"[39m
                [33mclass[39m=[32m"_playButton_62cc84"[39m
                [33mhref[39m=[32m"/api/releases/10/stream"[39m
                [33mrel[39m=[32m"noreferrer"[39m
                [33mtarget[39m=[32m"_blank"[39m
              [36m>[39m
                [0mPlay[0m
              [36m</a>[39m
            [36m</div>[39m
          [36m</div>[39m
        [36m</li>[39m
      [36m</ul>[39m
    [36m</section>[39m
  [36m</div>[39m
[36m</body>[39m
   × one deterministic group owner > falls back on removed/invalid selection {"activeFansubGroupId":1.5} 31ms
     → Unable to find an accessible element with the role "article"

Here are the accessible roles:

  button:

  Name "Anderer Gruppenname":
  [36m<button[39m
    [33maria-pressed[39m=[32m"true"[39m
    [33mclass[39m=[32m"_filterChip_62cc84 _filterChipActive_62cc84"[39m
    [33mtype[39m=[32m"button"[39m
  [36m/>[39m

  Name "Zweite Gruppe":
  [36m<button[39m
    [33maria-pressed[39m=[32m"false"[39m
    [33mclass[39m=[32m"_filterChip_62cc84 "[39m
    [33mtype[39m=[32m"button"[39m
  [36m/>[39m

  Name "Folge 1 Gruppenfolge +2 Versionen":
  [36m<button[39m
    [33maria-controls[39m=[32m"episode-versions-1"[39m
    [33maria-expanded[39m=[32m"true"[39m
    [33mclass[39m=[32m"_episodeHeader_62cc84"[39m
    [33mtype[39m=[32m"button"[39m
  [36m/>[39m

  --------------------------------------------------
  link:

  Name "Zum Gruppenbereich":
  [36m<a[39m
    [33maria-label[39m=[32m"Zum Gruppenbereich"[39m
    [33mclass[39m=[32m"_groupButton_62cc84"[39m
    [33mhref[39m=[32m"/anime/22/group/7"[39m
  [36m/>[39m

  Name "Version abspielen":
  [36m<a[39m
    [33maria-label[39m=[32m"Version abspielen"[39m
    [33mclass[39m=[32m"_playButton_62cc84"[39m
    [33mhref[39m=[32m"/api/releases/10/stream"[39m
    [33mrel[39m=[32m"noreferrer"[39m
    [33mtarget[39m=[32m"_blank"[39m
  [36m/>[39m

  --------------------------------------------------
  list:

  Name "":
  [36m<ul[39m
    [33mclass[39m=[32m"_episodeList_62cc84"[39m
  [36m/>[39m

  --------------------------------------------------
  listitem:

  Name "":
  [36m<li[39m
    [33mclass[39m=[32m"_episodeCard_62cc84"[39m
  [36m/>[39m

  --------------------------------------------------
  paragraph:

  Name "":
  [36m<p[39m
    [33mclass[39m=[32m"_episodeNumber_62cc84"[39m
  [36m/>[39m

  Name "":
  [36m<p[39m
    [33mclass[39m=[32m"_summaryLine_62cc84"[39m
  [36m/>[39m

  Name "":
  [36m<p[39m
    [33mclass[39m=[32m"_versionGroupName_62cc84"[39m
  [36m/>[39m

  Name "":
  [36m<p[39m
    [33mclass[39m=[32m"_versionReleaseName_62cc84"[39m
  [36m/>[39m

  --------------------------------------------------

Ignored nodes: comments, script, style
[36m<body>[39m
  [36m<div>[39m
    [36m<section[39m
      [33mclass[39m=[32m"_section_62cc84"[39m
    [36m>[39m
      [36m<div[39m
        [33mclass[39m=[32m"_filterRow_62cc84"[39m
      [36m>[39m
        [36m<button[39m
          [33maria-pressed[39m=[32m"true"[39m
          [33mclass[39m=[32m"_filterChip_62cc84 _filterChipActive_62cc84"[39m
          [33mtype[39m=[32m"button"[39m
        [36m>[39m
          [0mAnderer Gruppenname[0m
        [36m</button>[39m
        [36m<button[39m
          [33maria-pressed[39m=[32m"false"[39m
          [33mclass[39m=[32m"_filterChip_62cc84 "[39m
          [33mtype[39m=[32m"button"[39m
        [36m>[39m
          [0mZweite Gruppe[0m
        [36m</button>[39m
      [36m</div>[39m
      [36m<div[39m
        [33mclass[39m=[32m"_groupCtaRow_62cc84"[39m
      [36m>[39m
        [36m<a[39m
          [33maria-label[39m=[32m"Zum Gruppenbereich"[39m
          [33mclass[39m=[32m"_groupButton_62cc84"[39m
          [33mhref[39m=[32m"/anime/22/group/7"[39m
        [36m>[39m
          [0mGruppenbereich[0m
        [36m</a>[39m
      [36m</div>[39m
      [36m<ul[39m
        [33mclass[39m=[32m"_episodeList_62cc84"[39m
      [36m>[39m
        [36m<li[39m
          [33mclass[39m=[32m"_episodeCard_62cc84"[39m
        [36m>[39m
          [36m<button[39m
            [33maria-controls[39m=[32m"episode-versions-1"[39m
            [33maria-expanded[39m=[32m"true"[39m
            [33mclass[39m=[32m"_episodeHeader_62cc84"[39m
            [33mtype[39m=[32m"button"[39m
          [36m>[39m
            [36m<div>[39m
              [36m<p[39m
                [33mclass[39m=[32m"_episodeNumber_62cc84"[39m
              [36m>[39m
                [0mFolge [0m
                [0m1[0m
              [36m</p>[39m
              [36m<p[39m
                [33mclass[39m=[32m"_summaryLine_62cc84"[39m
              [36m>[39m
                [0mGruppenfolge[0m
              [36m</p>[39m
            [36m</div>[39m
            [36m<span[39m
              [33mclass[39m=[32m"_countBadge_62cc84"[39m
            [36m>[39m
              [0m+2 Versionen[0m
            [36m</span>[39m
          [36m</button>[39m
          [36m<div[39m
            [33mclass[39m=[32m"_versionList_62cc84"[39m
            [33mid[39m=[32m"episode-versions-1"[39m
          [36m>[39m
            [36m<div[39m
              [33mclass[39m=[32m"_versionRow_62cc84"[39m
            [36m>[39m
              [36m<div[39m
                [33mclass[39m=[32m"_versionMeta_62cc84"[39m
              [36m>[39m
                [36m<div[39m
                  [33mclass[39m=[32m"_versionIdentity_62cc84"[39m
                [36m>[39m
                  [36m<div[39m
                    [33maria-hidden[39m=[32m"true"[39m
                    [33mclass[39m=[32m"_versionLogoFallback_62cc84"[39m
                  [36m>[39m
                    [0mA[0m
                  [36m</div>[39m
                  [36m<div[39m
                    [33mclass[39m=[32m"_versionIdentityText_62cc84"[39m
                  [36m>[39m
                    [36m<p[39m
                      [33mclass[39m=[32m"_versionGroupName_62cc84"[39m
                    [36m>[39m
                      [0mAnderer Gruppenname[0m
                    [36m</p>[39m
                    [36m<p[39m
                      [33mclass[39m=[32m"_versionReleaseName_62cc84"[39m
                    [36m>[39m
                      [0mVariante 7[0m
                    [36m</p>[39m
                  [36m</div>[39m
                [36m</div>[39m
                [36m<div[39m
                  [33mclass[39m=[32m"_badgeRow_62cc84"[39m
                [36m>[39m
                  [36m<span[39m
                    [33mclass[39m=[32m"_metaBadge_62cc84"[39m
                  [36m>[39m
                    [0mn/a[0m
                  [36m</span>[39m
                  [36m<span[39m
                    [33mclass[39m=[32m"_metaBadge_62cc84"[39m
                  [36m>[39m
                    [0mUnbekannt[0m
                  [36m</span>[39m
                  [36m<span[39m
                    [33mclass[39m=[32m"_metaBadge_62cc84"[39m
                  [36m>[39m
                    [0mKein Datum[0m
                  [36m</span>[39m
                [36m</div>[39m
              [36m</div>[39m
              [36m<a[39m
                [33maria-label[39m=[32m"Version abspielen"[39m
                [33mclass[39m=[32m"_playButton_62cc84"[39m
                [33mhref[39m=[32m"/api/releases/10/stream"[39m
                [33mrel[39m=[32m"noreferrer"[39m
                [33mtarget[39m=[32m"_blank"[39m
              [36m>[39m
                [0mPlay[0m
              [36m</a>[39m
            [36m</div>[39m
          [36m</div>[39m
        [36m</li>[39m
      [36m</ul>[39m
    [36m</section>[39m
  [36m</div>[39m
[36m</body>[39m
   × one deterministic group owner > falls back on removed/invalid selection {"activeFansubGroupId":9007199254740992} 36ms
     → Unable to find an accessible element with the role "article"

Here are the accessible roles:

  button:

  Name "Anderer Gruppenname":
  [36m<button[39m
    [33maria-pressed[39m=[32m"true"[39m
    [33mclass[39m=[32m"_filterChip_62cc84 _filterChipActive_62cc84"[39m
    [33mtype[39m=[32m"button"[39m
  [36m/>[39m

  Name "Zweite Gruppe":
  [36m<button[39m
    [33maria-pressed[39m=[32m"false"[39m
    [33mclass[39m=[32m"_filterChip_62cc84 "[39m
    [33mtype[39m=[32m"button"[39m
  [36m/>[39m

  Name "Folge 1 Gruppenfolge +2 Versionen":
  [36m<button[39m
    [33maria-controls[39m=[32m"episode-versions-1"[39m
    [33maria-expanded[39m=[32m"true"[39m
    [33mclass[39m=[32m"_episodeHeader_62cc84"[39m
    [33mtype[39m=[32m"button"[39m
  [36m/>[39m

  --------------------------------------------------
  link:

  Name "Zum Gruppenbereich":
  [36m<a[39m
    [33maria-label[39m=[32m"Zum Gruppenbereich"[39m
    [33mclass[39m=[32m"_groupButton_62cc84"[39m
    [33mhref[39m=[32m"/anime/22/group/7"[39m
  [36m/>[39m

  Name "Version abspielen":
  [36m<a[39m
    [33maria-label[39m=[32m"Version abspielen"[39m
    [33mclass[39m=[32m"_playButton_62cc84"[39m
    [33mhref[39m=[32m"/api/releases/10/stream"[39m
    [33mrel[39m=[32m"noreferrer"[39m
    [33mtarget[39m=[32m"_blank"[39m
  [36m/>[39m

  --------------------------------------------------
  list:

  Name "":
  [36m<ul[39m
    [33mclass[39m=[32m"_episodeList_62cc84"[39m
  [36m/>[39m

  --------------------------------------------------
  listitem:

  Name "":
  [36m<li[39m
    [33mclass[39m=[32m"_episodeCard_62cc84"[39m
  [36m/>[39m

  --------------------------------------------------
  paragraph:

  Name "":
  [36m<p[39m
    [33mclass[39m=[32m"_episodeNumber_62cc84"[39m
  [36m/>[39m

  Name "":
  [36m<p[39m
    [33mclass[39m=[32m"_summaryLine_62cc84"[39m
  [36m/>[39m

  Name "":
  [36m<p[39m
    [33mclass[39m=[32m"_versionGroupName_62cc84"[39m
  [36m/>[39m

  Name "":
  [36m<p[39m
    [33mclass[39m=[32m"_versionReleaseName_62cc84"[39m
  [36m/>[39m

  --------------------------------------------------

Ignored nodes: comments, script, style
[36m<body>[39m
  [36m<div>[39m
    [36m<section[39m
      [33mclass[39m=[32m"_section_62cc84"[39m
    [36m>[39m
      [36m<div[39m
        [33mclass[39m=[32m"_filterRow_62cc84"[39m
      [36m>[39m
        [36m<button[39m
          [33maria-pressed[39m=[32m"true"[39m
          [33mclass[39m=[32m"_filterChip_62cc84 _filterChipActive_62cc84"[39m
          [33mtype[39m=[32m"button"[39m
        [36m>[39m
          [0mAnderer Gruppenname[0m
        [36m</button>[39m
        [36m<button[39m
          [33maria-pressed[39m=[32m"false"[39m
          [33mclass[39m=[32m"_filterChip_62cc84 "[39m
          [33mtype[39m=[32m"button"[39m
        [36m>[39m
          [0mZweite Gruppe[0m
        [36m</button>[39m
      [36m</div>[39m
      [36m<div[39m
        [33mclass[39m=[32m"_groupCtaRow_62cc84"[39m
      [36m>[39m
        [36m<a[39m
          [33maria-label[39m=[32m"Zum Gruppenbereich"[39m
          [33mclass[39m=[32m"_groupButton_62cc84"[39m
          [33mhref[39m=[32m"/anime/22/group/7"[39m
        [36m>[39m
          [0mGruppenbereich[0m
        [36m</a>[39m
      [36m</div>[39m
      [36m<ul[39m
        [33mclass[39m=[32m"_episodeList_62cc84"[39m
      [36m>[39m
        [36m<li[39m
          [33mclass[39m=[32m"_episodeCard_62cc84"[39m
        [36m>[39m
          [36m<button[39m
            [33maria-controls[39m=[32m"episode-versions-1"[39m
            [33maria-expanded[39m=[32m"true"[39m
            [33mclass[39m=[32m"_episodeHeader_62cc84"[39m
            [33mtype[39m=[32m"button"[39m
          [36m>[39m
            [36m<div>[39m
              [36m<p[39m
                [33mclass[39m=[32m"_episodeNumber_62cc84"[39m
              [36m>[39m
                [0mFolge [0m
                [0m1[0m
              [36m</p>[39m
              [36m<p[39m
                [33mclass[39m=[32m"_summaryLine_62cc84"[39m
              [36m>[39m
                [0mGruppenfolge[0m
              [36m</p>[39m
            [36m</div>[39m
            [36m<span[39m
              [33mclass[39m=[32m"_countBadge_62cc84"[39m
            [36m>[39m
              [0m+2 Versionen[0m
            [36m</span>[39m
          [36m</button>[39m
          [36m<div[39m
            [33mclass[39m=[32m"_versionList_62cc84"[39m
            [33mid[39m=[32m"episode-versions-1"[39m
          [36m>[39m
            [36m<div[39m
              [33mclass[39m=[32m"_versionRow_62cc84"[39m
            [36m>[39m
              [36m<div[39m
                [33mclass[39m=[32m"_versionMeta_62cc84"[39m
              [36m>[39m
                [36m<div[39m
                  [33mclass[39m=[32m"_versionIdentity_62cc84"[39m
                [36m>[39m
                  [36m<div[39m
                    [33maria-hidden[39m=[32m"true"[39m
                    [33mclass[39m=[32m"_versionLogoFallback_62cc84"[39m
                  [36m>[39m
                    [0mA[0m
                  [36m</div>[39m
                  [36m<div[39m
                    [33mclass[39m=[32m"_versionIdentityText_62cc84"[39m
                  [36m>[39m
                    [36m<p[39m
                      [33mclass[39m=[32m"_versionGroupName_62cc84"[39m
                    [36m>[39m
                      [0mAnderer Gruppenname[0m
                    [36m</p>[39m
                    [36m<p[39m
                      [33mclass[39m=[32m"_versionReleaseName_62cc84"[39m
                    [36m>[39m
                      [0mVariante 7[0m
                    [36m</p>[39m
                  [36m</div>[39m
                [36m</div>[39m
                [36m<div[39m
                  [33mclass[39m=[32m"_badgeRow_62cc84"[39m
                [36m>[39m
                  [36m<span[39m
                    [33mclass[39m=[32m"_metaBadge_62cc84"[39m
                  [36m>[39m
                    [0mn/a[0m
                  [36m</span>[39m
                  [36m<span[39m
                    [33mclass[39m=[32m"_metaBadge_62cc84"[39m
                  [36m>[39m
                    [0mUnbekannt[0m
                  [36m</span>[39m
                  [36m<span[39m
                    [33mclass[39m=[32m"_metaBadge_62cc84"[39m
                  [36m>[39m
                    [0mKein Datum[0m
                  [36m</span>[39m
                [36m</div>[39m
              [36m</div>[39m
              [36m<a[39m
                [33maria-label[39m=[32m"Version abspielen"[39m
                [33mclass[39m=[32m"_playButton_62cc84"[39m
                [33mhref[39m=[32m"/api/releases/10/stream"[39m
                [33mrel[39m=[32m"noreferrer"[39m
                [33mtarget[39m=[32m"_blank"[39m
              [36m>[39m
                [0mPlay[0m
              [36m</a>[39m
            [36m</div>[39m
          [36m</div>[39m
        [36m</li>[39m
      [36m</ul>[39m
    [36m</section>[39m
  [36m</div>[39m
[36m</body>[39m
   × one deterministic group owner > falls back on removed/invalid selection {"activeFansubGroupId":"9"} 34ms
     → Unable to find an accessible element with the role "article"

Here are the accessible roles:

  button:

  Name "Anderer Gruppenname":
  [36m<button[39m
    [33maria-pressed[39m=[32m"true"[39m
    [33mclass[39m=[32m"_filterChip_62cc84 _filterChipActive_62cc84"[39m
    [33mtype[39m=[32m"button"[39m
  [36m/>[39m

  Name "Zweite Gruppe":
  [36m<button[39m
    [33maria-pressed[39m=[32m"false"[39m
    [33mclass[39m=[32m"_filterChip_62cc84 "[39m
    [33mtype[39m=[32m"button"[39m
  [36m/>[39m

  Name "Folge 1 Gruppenfolge +2 Versionen":
  [36m<button[39m
    [33maria-controls[39m=[32m"episode-versions-1"[39m
    [33maria-expanded[39m=[32m"true"[39m
    [33mclass[39m=[32m"_episodeHeader_62cc84"[39m
    [33mtype[39m=[32m"button"[39m
  [36m/>[39m

  --------------------------------------------------
  link:

  Name "Zum Gruppenbereich":
  [36m<a[39m
    [33maria-label[39m=[32m"Zum Gruppenbereich"[39m
    [33mclass[39m=[32m"_groupButton_62cc84"[39m
    [33mhref[39m=[32m"/anime/22/group/7"[39m
  [36m/>[39m

  Name "Version abspielen":
  [36m<a[39m
    [33maria-label[39m=[32m"Version abspielen"[39m
    [33mclass[39m=[32m"_playButton_62cc84"[39m
    [33mhref[39m=[32m"/api/releases/10/stream"[39m
    [33mrel[39m=[32m"noreferrer"[39m
    [33mtarget[39m=[32m"_blank"[39m
  [36m/>[39m

  --------------------------------------------------
  list:

  Name "":
  [36m<ul[39m
    [33mclass[39m=[32m"_episodeList_62cc84"[39m
  [36m/>[39m

  --------------------------------------------------
  listitem:

  Name "":
  [36m<li[39m
    [33mclass[39m=[32m"_episodeCard_62cc84"[39m
  [36m/>[39m

  --------------------------------------------------
  paragraph:

  Name "":
  [36m<p[39m
    [33mclass[39m=[32m"_episodeNumber_62cc84"[39m
  [36m/>[39m

  Name "":
  [36m<p[39m
    [33mclass[39m=[32m"_summaryLine_62cc84"[39m
  [36m/>[39m

  Name "":
  [36m<p[39m
    [33mclass[39m=[32m"_versionGroupName_62cc84"[39m
  [36m/>[39m

  Name "":
  [36m<p[39m
    [33mclass[39m=[32m"_versionReleaseName_62cc84"[39m
  [36m/>[39m

  --------------------------------------------------

Ignored nodes: comments, script, style
[36m<body>[39m
  [36m<div>[39m
    [36m<section[39m
      [33mclass[39m=[32m"_section_62cc84"[39m
    [36m>[39m
      [36m<div[39m
        [33mclass[39m=[32m"_filterRow_62cc84"[39m
      [36m>[39m
        [36m<button[39m
          [33maria-pressed[39m=[32m"true"[39m
          [33mclass[39m=[32m"_filterChip_62cc84 _filterChipActive_62cc84"[39m
          [33mtype[39m=[32m"button"[39m
        [36m>[39m
          [0mAnderer Gruppenname[0m
        [36m</button>[39m
        [36m<button[39m
          [33maria-pressed[39m=[32m"false"[39m
          [33mclass[39m=[32m"_filterChip_62cc84 "[39m
          [33mtype[39m=[32m"button"[39m
        [36m>[39m
          [0mZweite Gruppe[0m
        [36m</button>[39m
      [36m</div>[39m
      [36m<div[39m
        [33mclass[39m=[32m"_groupCtaRow_62cc84"[39m
      [36m>[39m
        [36m<a[39m
          [33maria-label[39m=[32m"Zum Gruppenbereich"[39m
          [33mclass[39m=[32m"_groupButton_62cc84"[39m
          [33mhref[39m=[32m"/anime/22/group/7"[39m
        [36m>[39m
          [0mGruppenbereich[0m
        [36m</a>[39m
      [36m</div>[39m
      [36m<ul[39m
        [33mclass[39m=[32m"_episodeList_62cc84"[39m
      [36m>[39m
        [36m<li[39m
          [33mclass[39m=[32m"_episodeCard_62cc84"[39m
        [36m>[39m
          [36m<button[39m
            [33maria-controls[39m=[32m"episode-versions-1"[39m
            [33maria-expanded[39m=[32m"true"[39m
            [33mclass[39m=[32m"_episodeHeader_62cc84"[39m
            [33mtype[39m=[32m"button"[39m
          [36m>[39m
            [36m<div>[39m
              [36m<p[39m
                [33mclass[39m=[32m"_episodeNumber_62cc84"[39m
              [36m>[39m
                [0mFolge [0m
                [0m1[0m
              [36m</p>[39m
              [36m<p[39m
                [33mclass[39m=[32m"_summaryLine_62cc84"[39m
              [36m>[39m
                [0mGruppenfolge[0m
              [36m</p>[39m
            [36m</div>[39m
            [36m<span[39m
              [33mclass[39m=[32m"_countBadge_62cc84"[39m
            [36m>[39m
              [0m+2 Versionen[0m
            [36m</span>[39m
          [36m</button>[39m
          [36m<div[39m
            [33mclass[39m=[32m"_versionList_62cc84"[39m
            [33mid[39m=[32m"episode-versions-1"[39m
          [36m>[39m
            [36m<div[39m
              [33mclass[39m=[32m"_versionRow_62cc84"[39m
            [36m>[39m
              [36m<div[39m
                [33mclass[39m=[32m"_versionMeta_62cc84"[39m
              [36m>[39m
                [36m<div[39m
                  [33mclass[39m=[32m"_versionIdentity_62cc84"[39m
                [36m>[39m
                  [36m<div[39m
                    [33maria-hidden[39m=[32m"true"[39m
                    [33mclass[39m=[32m"_versionLogoFallback_62cc84"[39m
                  [36m>[39m
                    [0mA[0m
                  [36m</div>[39m
                  [36m<div[39m
                    [33mclass[39m=[32m"_versionIdentityText_62cc84"[39m
                  [36m>[39m
                    [36m<p[39m
                      [33mclass[39m=[32m"_versionGroupName_62cc84"[39m
                    [36m>[39m
                      [0mAnderer Gruppenname[0m
                    [36m</p>[39m
                    [36m<p[39m
                      [33mclass[39m=[32m"_versionReleaseName_62cc84"[39m
                    [36m>[39m
                      [0mVariante 7[0m
                    [36m</p>[39m
                  [36m</div>[39m
                [36m</div>[39m
                [36m<div[39m
                  [33mclass[39m=[32m"_badgeRow_62cc84"[39m
                [36m>[39m
                  [36m<span[39m
                    [33mclass[39m=[32m"_metaBadge_62cc84"[39m
                  [36m>[39m
                    [0mn/a[0m
                  [36m</span>[39m
                  [36m<span[39m
                    [33mclass[39m=[32m"_metaBadge_62cc84"[39m
                  [36m>[39m
                    [0mUnbekannt[0m
                  [36m</span>[39m
                  [36m<span[39m
                    [33mclass[39m=[32m"_metaBadge_62cc84"[39m
                  [36m>[39m
                    [0mKein Datum[0m
                  [36m</span>[39m
                [36m</div>[39m
              [36m</div>[39m
              [36m<a[39m
                [33maria-label[39m=[32m"Version abspielen"[39m
                [33mclass[39m=[32m"_playButton_62cc84"[39m
                [33mhref[39m=[32m"/api/releases/10/stream"[39m
                [33mrel[39m=[32m"noreferrer"[39m
                [33mtarget[39m=[32m"_blank"[39m
              [36m>[39m
                [0mPlay[0m
              [36m</a>[39m
            [36m</div>[39m
          [36m</div>[39m
        [36m</li>[39m
      [36m</ul>[39m
    [36m</section>[39m
  [36m</div>[39m
[36m</body>[39m
   × one deterministic group owner > falls back on removed/invalid selection {"activeFansubGroupId":77} 32ms
     → Unable to find an accessible element with the role "article"

Here are the accessible roles:

  button:

  Name "Anderer Gruppenname":
  [36m<button[39m
    [33maria-pressed[39m=[32m"true"[39m
    [33mclass[39m=[32m"_filterChip_62cc84 _filterChipActive_62cc84"[39m
    [33mtype[39m=[32m"button"[39m
  [36m/>[39m

  Name "Zweite Gruppe":
  [36m<button[39m
    [33maria-pressed[39m=[32m"false"[39m
    [33mclass[39m=[32m"_filterChip_62cc84 "[39m
    [33mtype[39m=[32m"button"[39m
  [36m/>[39m

  Name "Folge 1 Gruppenfolge +2 Versionen":
  [36m<button[39m
    [33maria-controls[39m=[32m"episode-versions-1"[39m
    [33maria-expanded[39m=[32m"true"[39m
    [33mclass[39m=[32m"_episodeHeader_62cc84"[39m
    [33mtype[39m=[32m"button"[39m
  [36m/>[39m

  --------------------------------------------------
  link:

  Name "Zum Gruppenbereich":
  [36m<a[39m
    [33maria-label[39m=[32m"Zum Gruppenbereich"[39m
    [33mclass[39m=[32m"_groupButton_62cc84"[39m
    [33mhref[39m=[32m"/anime/22/group/7"[39m
  [36m/>[39m

  Name "Version abspielen":
  [36m<a[39m
    [33maria-label[39m=[32m"Version abspielen"[39m
    [33mclass[39m=[32m"_playButton_62cc84"[39m
    [33mhref[39m=[32m"/api/releases/10/stream"[39m
    [33mrel[39m=[32m"noreferrer"[39m
    [33mtarget[39m=[32m"_blank"[39m
  [36m/>[39m

  --------------------------------------------------
  list:

  Name "":
  [36m<ul[39m
    [33mclass[39m=[32m"_episodeList_62cc84"[39m
  [36m/>[39m

  --------------------------------------------------
  listitem:

  Name "":
  [36m<li[39m
    [33mclass[39m=[32m"_episodeCard_62cc84"[39m
  [36m/>[39m

  --------------------------------------------------
  paragraph:

  Name "":
  [36m<p[39m
    [33mclass[39m=[32m"_episodeNumber_62cc84"[39m
  [36m/>[39m

  Name "":
  [36m<p[39m
    [33mclass[39m=[32m"_summaryLine_62cc84"[39m
  [36m/>[39m

  Name "":
  [36m<p[39m
    [33mclass[39m=[32m"_versionGroupName_62cc84"[39m
  [36m/>[39m

  Name "":
  [36m<p[39m
    [33mclass[39m=[32m"_versionReleaseName_62cc84"[39m
  [36m/>[39m

  --------------------------------------------------

Ignored nodes: comments, script, style
[36m<body>[39m
  [36m<div>[39m
    [36m<section[39m
      [33mclass[39m=[32m"_section_62cc84"[39m
    [36m>[39m
      [36m<div[39m
        [33mclass[39m=[32m"_filterRow_62cc84"[39m
      [36m>[39m
        [36m<button[39m
          [33maria-pressed[39m=[32m"true"[39m
          [33mclass[39m=[32m"_filterChip_62cc84 _filterChipActive_62cc84"[39m
          [33mtype[39m=[32m"button"[39m
        [36m>[39m
          [0mAnderer Gruppenname[0m
        [36m</button>[39m
        [36m<button[39m
          [33maria-pressed[39m=[32m"false"[39m
          [33mclass[39m=[32m"_filterChip_62cc84 "[39m
          [33mtype[39m=[32m"button"[39m
        [36m>[39m
          [0mZweite Gruppe[0m
        [36m</button>[39m
      [36m</div>[39m
      [36m<div[39m
        [33mclass[39m=[32m"_groupCtaRow_62cc84"[39m
      [36m>[39m
        [36m<a[39m
          [33maria-label[39m=[32m"Zum Gruppenbereich"[39m
          [33mclass[39m=[32m"_groupButton_62cc84"[39m
          [33mhref[39m=[32m"/anime/22/group/7"[39m
        [36m>[39m
          [0mGruppenbereich[0m
        [36m</a>[39m
      [36m</div>[39m
      [36m<ul[39m
        [33mclass[39m=[32m"_episodeList_62cc84"[39m
      [36m>[39m
        [36m<li[39m
          [33mclass[39m=[32m"_episodeCard_62cc84"[39m
        [36m>[39m
          [36m<button[39m
            [33maria-controls[39m=[32m"episode-versions-1"[39m
            [33maria-expanded[39m=[32m"true"[39m
            [33mclass[39m=[32m"_episodeHeader_62cc84"[39m
            [33mtype[39m=[32m"button"[39m
          [36m>[39m
            [36m<div>[39m
              [36m<p[39m
                [33mclass[39m=[32m"_episodeNumber_62cc84"[39m
              [36m>[39m
                [0mFolge [0m
                [0m1[0m
              [36m</p>[39m
              [36m<p[39m
                [33mclass[39m=[32m"_summaryLine_62cc84"[39m
              [36m>[39m
                [0mGruppenfolge[0m
              [36m</p>[39m
            [36m</div>[39m
            [36m<span[39m
              [33mclass[39m=[32m"_countBadge_62cc84"[39m
            [36m>[39m
              [0m+2 Versionen[0m
            [36m</span>[39m
          [36m</button>[39m
          [36m<div[39m
            [33mclass[39m=[32m"_versionList_62cc84"[39m
            [33mid[39m=[32m"episode-versions-1"[39m
          [36m>[39m
            [36m<div[39m
              [33mclass[39m=[32m"_versionRow_62cc84"[39m
            [36m>[39m
              [36m<div[39m
                [33mclass[39m=[32m"_versionMeta_62cc84"[39m
              [36m>[39m
                [36m<div[39m
                  [33mclass[39m=[32m"_versionIdentity_62cc84"[39m
                [36m>[39m
                  [36m<div[39m
                    [33maria-hidden[39m=[32m"true"[39m
                    [33mclass[39m=[32m"_versionLogoFallback_62cc84"[39m
                  [36m>[39m
                    [0mA[0m
                  [36m</div>[39m
                  [36m<div[39m
                    [33mclass[39m=[32m"_versionIdentityText_62cc84"[39m
                  [36m>[39m
                    [36m<p[39m
                      [33mclass[39m=[32m"_versionGroupName_62cc84"[39m
                    [36m>[39m
                      [0mAnderer Gruppenname[0m
                    [36m</p>[39m
                    [36m<p[39m
                      [33mclass[39m=[32m"_versionReleaseName_62cc84"[39m
                    [36m>[39m
                      [0mVariante 7[0m
                    [36m</p>[39m
                  [36m</div>[39m
                [36m</div>[39m
                [36m<div[39m
                  [33mclass[39m=[32m"_badgeRow_62cc84"[39m
                [36m>[39m
                  [36m<span[39m
                    [33mclass[39m=[32m"_metaBadge_62cc84"[39m
                  [36m>[39m
                    [0mn/a[0m
                  [36m</span>[39m
                  [36m<span[39m
                    [33mclass[39m=[32m"_metaBadge_62cc84"[39m
                  [36m>[39m
                    [0mUnbekannt[0m
                  [36m</span>[39m
                  [36m<span[39m
                    [33mclass[39m=[32m"_metaBadge_62cc84"[39m
                  [36m>[39m
                    [0mKein Datum[0m
                  [36m</span>[39m
                [36m</div>[39m
              [36m</div>[39m
              [36m<a[39m
                [33maria-label[39m=[32m"Version abspielen"[39m
                [33mclass[39m=[32m"_playButton_62cc84"[39m
                [33mhref[39m=[32m"/api/releases/10/stream"[39m
                [33mrel[39m=[32m"noreferrer"[39m
                [33mtarget[39m=[32m"_blank"[39m
              [36m>[39m
                [0mPlay[0m
              [36m</a>[39m
            [36m</div>[39m
          [36m</div>[39m
        [36m</li>[39m
      [36m</ul>[39m
    [36m</section>[39m
  [36m</div>[39m
[36m</body>[39m
   × one deterministic group owner > handles clear and validates removed groups/new anime props 34ms
     → Unable to find an accessible element with the role "article"

Here are the accessible roles:

  button:

  Name "Anderer Gruppenname":
  [36m<button[39m
    [33maria-pressed[39m=[32m"true"[39m
    [33mclass[39m=[32m"_filterChip_62cc84 _filterChipActive_62cc84"[39m
    [33mtype[39m=[32m"button"[39m
  [36m/>[39m

  Name "Zweite Gruppe":
  [36m<button[39m
    [33maria-pressed[39m=[32m"false"[39m
    [33mclass[39m=[32m"_filterChip_62cc84 "[39m
    [33mtype[39m=[32m"button"[39m
  [36m/>[39m

  Name "Folge 1 Gruppenfolge +2 Versionen":
  [36m<button[39m
    [33maria-controls[39m=[32m"episode-versions-1"[39m
    [33maria-expanded[39m=[32m"true"[39m
    [33mclass[39m=[32m"_episodeHeader_62cc84"[39m
    [33mtype[39m=[32m"button"[39m
  [36m/>[39m

  --------------------------------------------------
  link:

  Name "Zum Gruppenbereich":
  [36m<a[39m
    [33maria-label[39m=[32m"Zum Gruppenbereich"[39m
    [33mclass[39m=[32m"_groupButton_62cc84"[39m
    [33mhref[39m=[32m"/anime/22/group/7"[39m
  [36m/>[39m

  Name "Version abspielen":
  [36m<a[39m
    [33maria-label[39m=[32m"Version abspielen"[39m
    [33mclass[39m=[32m"_playButton_62cc84"[39m
    [33mhref[39m=[32m"/api/releases/10/stream"[39m
    [33mrel[39m=[32m"noreferrer"[39m
    [33mtarget[39m=[32m"_blank"[39m
  [36m/>[39m

  --------------------------------------------------
  list:

  Name "":
  [36m<ul[39m
    [33mclass[39m=[32m"_episodeList_62cc84"[39m
  [36m/>[39m

  --------------------------------------------------
  listitem:

  Name "":
  [36m<li[39m
    [33mclass[39m=[32m"_episodeCard_62cc84"[39m
  [36m/>[39m

  --------------------------------------------------
  paragraph:

  Name "":
  [36m<p[39m
    [33mclass[39m=[32m"_episodeNumber_62cc84"[39m
  [36m/>[39m

  Name "":
  [36m<p[39m
    [33mclass[39m=[32m"_summaryLine_62cc84"[39m
  [36m/>[39m

  Name "":
  [36m<p[39m
    [33mclass[39m=[32m"_versionGroupName_62cc84"[39m
  [36m/>[39m

  Name "":
  [36m<p[39m
    [33mclass[39m=[32m"_versionReleaseName_62cc84"[39m
  [36m/>[39m

  --------------------------------------------------

Ignored nodes: comments, script, style
[36m<body>[39m
  [36m<div>[39m
    [36m<section[39m
      [33mclass[39m=[32m"_section_62cc84"[39m
    [36m>[39m
      [36m<div[39m
        [33mclass[39m=[32m"_filterRow_62cc84"[39m
      [36m>[39m
        [36m<button[39m
          [33maria-pressed[39m=[32m"true"[39m
          [33mclass[39m=[32m"_filterChip_62cc84 _filterChipActive_62cc84"[39m
          [33mtype[39m=[32m"button"[39m
        [36m>[39m
          [0mAnderer Gruppenname[0m
        [36m</button>[39m
        [36m<button[39m
          [33maria-pressed[39m=[32m"false"[39m
          [33mclass[39m=[32m"_filterChip_62cc84 "[39m
          [33mtype[39m=[32m"button"[39m
        [36m>[39m
          [0mZweite Gruppe[0m
        [36m</button>[39m
      [36m</div>[39m
      [36m<div[39m
        [33mclass[39m=[32m"_groupCtaRow_62cc84"[39m
      [36m>[39m
        [36m<a[39m
          [33maria-label[39m=[32m"Zum Gruppenbereich"[39m
          [33mclass[39m=[32m"_groupButton_62cc84"[39m
          [33mhref[39m=[32m"/anime/22/group/7"[39m
        [36m>[39m
          [0mGruppenbereich[0m
        [36m</a>[39m
      [36m</div>[39m
      [36m<ul[39m
        [33mclass[39m=[32m"_episodeList_62cc84"[39m
      [36m>[39m
        [36m<li[39m
          [33mclass[39m=[32m"_episodeCard_62cc84"[39m
        [36m>[39m
          [36m<button[39m
            [33maria-controls[39m=[32m"episode-versions-1"[39m
            [33maria-expanded[39m=[32m"true"[39m
            [33mclass[39m=[32m"_episodeHeader_62cc84"[39m
            [33mtype[39m=[32m"button"[39m
          [36m>[39m
            [36m<div>[39m
              [36m<p[39m
                [33mclass[39m=[32m"_episodeNumber_62cc84"[39m
              [36m>[39m
                [0mFolge [0m
                [0m1[0m
              [36m</p>[39m
              [36m<p[39m
                [33mclass[39m=[32m"_summaryLine_62cc84"[39m
              [36m>[39m
                [0mGruppenfolge[0m
              [36m</p>[39m
            [36m</div>[39m
            [36m<span[39m
              [33mclass[39m=[32m"_countBadge_62cc84"[39m
            [36m>[39m
              [0m+2 Versionen[0m
            [36m</span>[39m
          [36m</button>[39m
          [36m<div[39m
            [33mclass[39m=[32m"_versionList_62cc84"[39m
            [33mid[39m=[32m"episode-versions-1"[39m
          [36m>[39m
            [36m<div[39m
              [33mclass[39m=[32m"_versionRow_62cc84"[39m
            [36m>[39m
              [36m<div[39m
                [33mclass[39m=[32m"_versionMeta_62cc84"[39m
              [36m>[39m
                [36m<div[39m
                  [33mclass[39m=[32m"_versionIdentity_62cc84"[39m
                [36m>[39m
                  [36m<div[39m
                    [33maria-hidden[39m=[32m"true"[39m
                    [33mclass[39m=[32m"_versionLogoFallback_62cc84"[39m
                  [36m>[39m
                    [0mA[0m
                  [36m</div>[39m
                  [36m<div[39m
                    [33mclass[39m=[32m"_versionIdentityText_62cc84"[39m
                  [36m>[39m
                    [36m<p[39m
                      [33mclass[39m=[32m"_versionGroupName_62cc84"[39m
                    [36m>[39m
                      [0mAnderer Gruppenname[0m
                    [36m</p>[39m
                    [36m<p[39m
                      [33mclass[39m=[32m"_versionReleaseName_62cc84"[39m
                    [36m>[39m
                      [0mVariante 7[0m
                    [36m</p>[39m
                  [36m</div>[39m
                [36m</div>[39m
                [36m<div[39m
                  [33mclass[39m=[32m"_badgeRow_62cc84"[39m
                [36m>[39m
                  [36m<span[39m
                    [33mclass[39m=[32m"_metaBadge_62cc84"[39m
                  [36m>[39m
                    [0mn/a[0m
                  [36m</span>[39m
                  [36m<span[39m
                    [33mclass[39m=[32m"_metaBadge_62cc84"[39m
                  [36m>[39m
                    [0mUnbekannt[0m
                  [36m</span>[39m
                  [36m<span[39m
                    [33mclass[39m=[32m"_metaBadge_62cc84"[39m
                  [36m>[39m
                    [0mKein Datum[0m
                  [36m</span>[39m
                [36m</div>[39m
              [36m</div>[39m
              [36m<a[39m
                [33maria-label[39m=[32m"Version abspielen"[39m
                [33mclass[39m=[32m"_playButton_62cc84"[39m
                [33mhref[39m=[32m"/api/releases/10/stream"[39m
                [33mrel[39m=[32m"noreferrer"[39m
                [33mtarget[39m=[32m"_blank"[39m
              [36m>[39m
                [0mPlay[0m
              [36m</a>[39m
            [36m</div>[39m
          [36m</div>[39m
        [36m</li>[39m
      [36m</ul>[39m
    [36m</section>[39m
  [36m</div>[39m
[36m</body>[39m
   × one deterministic group owner > keeps selection usable when storage access is blocked 12ms
     → blocked
   × one deterministic group owner > keeps selection usable when storage read is blocked 2ms
     → blocked
   × one deterministic group owner > keeps selection usable when storage write is blocked 3ms
     → blocked

⎯⎯⎯⎯⎯⎯ Failed Tests 17 ⎯⎯⎯⎯⎯⎯⎯

 FAIL  src/components/fansubs/FansubVersionBrowser.test.tsx > one deterministic group owner > changes story, pressed filter and variants together without polling or mount writes
TestingLibraryElementError: Unable to find an accessible element with the role "article"

Here are the accessible roles:

  button:

  Name "Anderer Gruppenname":
  [36m<button[39m
    [33maria-pressed[39m=[32m"true"[39m
    [33mclass[39m=[32m"_filterChip_62cc84 _filterChipActive_62cc84"[39m
    [33mtype[39m=[32m"button"[39m
  [36m/>[39m

  Name "Zweite Gruppe":
  [36m<button[39m
    [33maria-pressed[39m=[32m"false"[39m
    [33mclass[39m=[32m"_filterChip_62cc84 "[39m
    [33mtype[39m=[32m"button"[39m
  [36m/>[39m

  Name "Folge 1 Gruppenfolge +2 Versionen":
  [36m<button[39m
    [33maria-controls[39m=[32m"episode-versions-1"[39m
    [33maria-expanded[39m=[32m"true"[39m
    [33mclass[39m=[32m"_episodeHeader_62cc84"[39m
    [33mtype[39m=[32m"button"[39m
  [36m/>[39m

  --------------------------------------------------
  link:

  Name "Zum Gruppenbereich":
  [36m<a[39m
    [33maria-label[39m=[32m"Zum Gruppenbereich"[39m
    [33mclass[39m=[32m"_groupButton_62cc84"[39m
    [33mhref[39m=[32m"/anime/22/group/7"[39m
  [36m/>[39m

  Name "Version abspielen":
  [36m<a[39m
    [33maria-label[39m=[32m"Version abspielen"[39m
    [33mclass[39m=[32m"_playButton_62cc84"[39m
    [33mhref[39m=[32m"/api/releases/10/stream"[39m
    [33mrel[39m=[32m"noreferrer"[39m
    [33mtarget[39m=[32m"_blank"[39m
  [36m/>[39m

  --------------------------------------------------
  list:

  Name "":
  [36m<ul[39m
    [33mclass[39m=[32m"_episodeList_62cc84"[39m
  [36m/>[39m

  --------------------------------------------------
  listitem:

  Name "":
  [36m<li[39m
    [33mclass[39m=[32m"_episodeCard_62cc84"[39m
  [36m/>[39m

  --------------------------------------------------
  paragraph:

  Name "":
  [36m<p[39m
    [33mclass[39m=[32m"_episodeNumber_62cc84"[39m
  [36m/>[39m

  Name "":
  [36m<p[39m
    [33mclass[39m=[32m"_summaryLine_62cc84"[39m
  [36m/>[39m

  Name "":
  [36m<p[39m
    [33mclass[39m=[32m"_versionGroupName_62cc84"[39m
  [36m/>[39m

  Name "":
  [36m<p[39m
    [33mclass[39m=[32m"_versionReleaseName_62cc84"[39m
  [36m/>[39m

  --------------------------------------------------

Ignored nodes: comments, script, style
[36m<body>[39m
  [36m<div>[39m
    [36m<section[39m
      [33mclass[39m=[32m"_section_62cc84"[39m
    [36m>[39m
      [36m<div[39m
        [33mclass[39m=[32m"_filterRow_62cc84"[39m
      [36m>[39m
        [36m<button[39m
          [33maria-pressed[39m=[32m"true"[39m
          [33mclass[39m=[32m"_filterChip_62cc84 _filterChipActive_62cc84"[39m
          [33mtype[39m=[32m"button"[39m
        [36m>[39m
          [0mAnderer Gruppenname[0m
        [36m</button>[39m
        [36m<button[39m
          [33maria-pressed[39m=[32m"false"[39m
          [33mclass[39m=[32m"_filterChip_62cc84 "[39m
          [33mtype[39m=[32m"button"[39m
        [36m>[39m
          [0mZweite Gruppe[0m
        [36m</button>[39m
      [36m</div>[39m
      [36m<div[39m
        [33mclass[39m=[32m"_groupCtaRow_62cc84"[39m
      [36m>[39m
        [36m<a[39m
          [33maria-label[39m=[32m"Zum Gruppenbereich"[39m
          [33mclass[39m=[32m"_groupButton_62cc84"[39m
          [33mhref[39m=[32m"/anime/22/group/7"[39m
        [36m>[39m
          [0mGruppenbereich[0m
        [36m</a>[39m
      [36m</div>[39m
      [36m<ul[39m
        [33mclass[39m=[32m"_episodeList_62cc84"[39m
      [36m>[39m
        [36m<li[39m
          [33mclass[39m=[32m"_episodeCard_62cc84"[39m
        [36m>[39m
          [36m<button[39m
            [33maria-controls[39m=[32m"episode-versions-1"[39m
            [33maria-expanded[39m=[32m"true"[39m
            [33mclass[39m=[32m"_episodeHeader_62cc84"[39m
            [33mtype[39m=[32m"button"[39m
          [36m>[39m
            [36m<div>[39m
              [36m<p[39m
                [33mclass[39m=[32m"_episodeNumber_62cc84"[39m
              [36m>[39m
                [0mFolge [0m
                [0m1[0m
              [36m</p>[39m
              [36m<p[39m
                [33mclass[39m=[32m"_summaryLine_62cc84"[39m
              [36m>[39m
                [0mGruppenfolge[0m
              [36m</p>[39m
            [36m</div>[39m
            [36m<span[39m
              [33mclass[39m=[32m"_countBadge_62cc84"[39m
            [36m>[39m
              [0m+2 Versionen[0m
            [36m</span>[39m
          [36m</button>[39m
          [36m<div[39m
            [33mclass[39m=[32m"_versionList_62cc84"[39m
            [33mid[39m=[32m"episode-versions-1"[39m
          [36m>[39m
            [36m<div[39m
              [33mclass[39m=[32m"_versionRow_62cc84"[39m
            [36m>[39m
              [36m<div[39m
                [33mclass[39m=[32m"_versionMeta_62cc84"[39m
              [36m>[39m
                [36m<div[39m
                  [33mclass[39m=[32m"_versionIdentity_62cc84"[39m
                [36m>[39m
                  [36m<div[39m
                    [33maria-hidden[39m=[32m"true"[39m
                    [33mclass[39m=[32m"_versionLogoFallback_62cc84"[39m
                  [36m>[39m
                    [0mA[0m
                  [36m</div>[39m
                  [36m<div[39m
                    [33mclass[39m=[32m"_versionIdentityText_62cc84"[39m
                  [36m>[39m
                    [36m<p[39m
                      [33mclass[39m=[32m"_versionGroupName_62cc84"[39m
                    [36m>[39m
                      [0mAnderer Gruppenname[0m
                    [36m</p>[39m
                    [36m<p[39m
                      [33mclass[39m=[32m"_versionReleaseName_62cc84"[39m
                    [36m>[39m
                      [0mVariante 7[0m
                    [36m</p>[39m
                  [36m</div>[39m
                [36m</div>[39m
                [36m<div[39m
                  [33mclass[39m=[32m"_badgeRow_62cc84"[39m
                [36m>[39m
                  [36m<span[39m
                    [33mclass[39m=[32m"_metaBadge_62cc84"[39m
                  [36m>[39m
                    [0mn/a[0m
                  [36m</span>[39m
                  [36m<span[39m
                    [33mclass[39m=[32m"_metaBadge_62cc84"[39m
                  [36m>[39m
                    [0mUnbekannt[0m
                  [36m</span>[39m
                  [36m<span[39m
                    [33mclass[39m=[32m"_metaBadge_62cc84"[39m
                  [36m>[39m
                    [0mKein Datum[0m
                  [36m</span>[39m
                [36m</div>[39m
              [36m</div>[39m
              [36m<a[39m
                [33maria-label[39m=[32m"Version abspielen"[39m
                [33mclass[39m=[32m"_playButton_62cc84"[39m
                [33mhref[39m=[32m"/api/releases/10/stream"[39m
                [33mrel[39m=[32m"noreferrer"[39m
                [33mtarget[39m=[32m"_blank"[39m
              [36m>[39m
                [0mPlay[0m
              [36m</a>[39m
            [36m</div>[39m
          [36m</div>[39m
        [36m</li>[39m
      [36m</ul>[39m
    [36m</section>[39m
  [36m</div>[39m
[36m</body>[39m
 ❯ Object.getElementError node_modules/@testing-library/dom/dist/config.js:37:19
 ❯ node_modules/@testing-library/dom/dist/query-helpers.js:76:38
 ❯ node_modules/@testing-library/dom/dist/query-helpers.js:52:17
 ❯ node_modules/@testing-library/dom/dist/query-helpers.js:95:19
 ❯ assertGroup src/components/fansubs/FansubVersionBrowser.test.tsx:82:24
     80|   const selected = fansubs[id === 7 ? 0 : 1].fansub_group!
     81|   expect(screen.getByRole('button', { name: selected.name }).getAttrib…
     82|   expect(within(screen.getByRole('article')).getByRole('link', { name:…
       |                        ^
     83|   expect(screen.getByText(`Variante ${id}`)).toBeTruthy()
     84|   expect(screen.queryByText(`Variante ${id === 7 ? 9 : 7}`)).toBeNull()
 ❯ src/components/fansubs/FansubVersionBrowser.test.tsx:95:5

⎯⎯⎯⎯⎯⎯⎯⎯⎯⎯⎯⎯⎯⎯⎯⎯⎯⎯⎯⎯⎯⎯⎯[1/17]⎯

 FAIL  src/components/fansubs/FansubVersionBrowser.test.tsx > one deterministic group owner > hydrates deterministic primary HTML then restores secondary in StrictMode without overwriting it
AssertionError: expected '<section class="_section_62cc84"><div…' to match /aria-pressed="true"[^>]*>Anderer Grup…/

[32m- Expected:[39m 
/aria-pressed="true"[^>]*>Anderer Gruppenname/

[31m+ Received:[39m 
"<section class=\"_section_62cc84\"><div class=\"_filterRow_62cc84\"><button type=\"button\" class=\"_filterChip_62cc84 \" aria-pressed=\"false\">Anderer Gruppenname</button><button type=\"button\" class=\"_filterChip_62cc84 _filterChipActive_62cc84\" aria-pressed=\"true\">Zweite Gruppe</button></div><div class=\"_groupCtaRow_62cc84\"><a class=\"_groupButton_62cc84\" aria-label=\"Zum Gruppenbereich\" href=\"/anime/22/group/9\">Gruppenbereich</a></div><ul class=\"_episodeList_62cc84\"><li class=\"_episodeCard_62cc84\"><button type=\"button\" class=\"_episodeHeader_62cc84\" aria-expanded=\"false\" aria-controls=\"episode-versions-1\"><div><p class=\"_episodeNumber_62cc84\">Folge <!-- -->1</p><p class=\"_summaryLine_62cc84\">Gruppenfolge</p></div><span class=\"_countBadge_62cc84\">+2 Versionen</span></button></li></ul></section>"

 ❯ src/components/fansubs/FansubVersionBrowser.test.tsx:107:18
    105|     const element = <StrictMode>{stateBrowser()}</StrictMode>
    106|     const html = renderToString(element)
    107|     expect(html).toMatch(/aria-pressed="true"[^>]*>Anderer Gruppenname…
       |                  ^
    108|     const container = document.createElement('div')
    109|     document.body.append(container)

⎯⎯⎯⎯⎯⎯⎯⎯⎯⎯⎯⎯⎯⎯⎯⎯⎯⎯⎯⎯⎯⎯⎯[2/17]⎯

 FAIL  src/components/fansubs/FansubVersionBrowser.test.tsx > one deterministic group owner > uses last own-key event; ignores foreign keys and never writes back
AssertionError: expected 'false' to be 'true' // Object.is equality

Expected: [32m"[7mtru[27me"[39m
Received: [31m"[7mfals[27me"[39m

 ❯ assertGroup src/components/fansubs/FansubVersionBrowser.test.tsx:81:92
     79| function assertGroup(id: 7 | 9) {
     80|   const selected = fansubs[id === 7 ? 0 : 1].fansub_group!
     81|   expect(screen.getByRole('button', { name: selected.name }).getAttrib…
       |                                                                                            ^
     82|   expect(within(screen.getByRole('article')).getByRole('link', { name:…
     83|   expect(screen.getByText(`Variante ${id}`)).toBeTruthy()
 ❯ src/components/fansubs/FansubVersionBrowser.test.tsx:129:5

⎯⎯⎯⎯⎯⎯⎯⎯⎯⎯⎯⎯⎯⎯⎯⎯⎯⎯⎯⎯⎯⎯⎯[3/17]⎯

 FAIL  src/components/fansubs/FansubVersionBrowser.test.tsx > one deterministic group owner > falls back on removed/invalid selection null
 FAIL  src/components/fansubs/FansubVersionBrowser.test.tsx > one deterministic group owner > falls back on removed/invalid selection oops
 FAIL  src/components/fansubs/FansubVersionBrowser.test.tsx > one deterministic group owner > falls back on removed/invalid selection null
 FAIL  src/components/fansubs/FansubVersionBrowser.test.tsx > one deterministic group owner > falls back on removed/invalid selection {}
 FAIL  src/components/fansubs/FansubVersionBrowser.test.tsx > one deterministic group owner > falls back on removed/invalid selection {"activeFansubGroupId":0}
 FAIL  src/components/fansubs/FansubVersionBrowser.test.tsx > one deterministic group owner > falls back on removed/invalid selection {"activeFansubGroupId":-1}
 FAIL  src/components/fansubs/FansubVersionBrowser.test.tsx > one deterministic group owner > falls back on removed/invalid selection {"activeFansubGroupId":1.5}
 FAIL  src/components/fansubs/FansubVersionBrowser.test.tsx > one deterministic group owner > falls back on removed/invalid selection {"activeFansubGroupId":9007199254740992}
 FAIL  src/components/fansubs/FansubVersionBrowser.test.tsx > one deterministic group owner > falls back on removed/invalid selection {"activeFansubGroupId":"9"}
 FAIL  src/components/fansubs/FansubVersionBrowser.test.tsx > one deterministic group owner > falls back on removed/invalid selection {"activeFansubGroupId":77}
TestingLibraryElementError: Unable to find an accessible element with the role "article"

Here are the accessible roles:

  button:

  Name "Anderer Gruppenname":
  [36m<button[39m
    [33maria-pressed[39m=[32m"true"[39m
    [33mclass[39m=[32m"_filterChip_62cc84 _filterChipActive_62cc84"[39m
    [33mtype[39m=[32m"button"[39m
  [36m/>[39m

  Name "Zweite Gruppe":
  [36m<button[39m
    [33maria-pressed[39m=[32m"false"[39m
    [33mclass[39m=[32m"_filterChip_62cc84 "[39m
    [33mtype[39m=[32m"button"[39m
  [36m/>[39m

  Name "Folge 1 Gruppenfolge +2 Versionen":
  [36m<button[39m
    [33maria-controls[39m=[32m"episode-versions-1"[39m
    [33maria-expanded[39m=[32m"true"[39m
    [33mclass[39m=[32m"_episodeHeader_62cc84"[39m
    [33mtype[39m=[32m"button"[39m
  [36m/>[39m

  --------------------------------------------------
  link:

  Name "Zum Gruppenbereich":
  [36m<a[39m
    [33maria-label[39m=[32m"Zum Gruppenbereich"[39m
    [33mclass[39m=[32m"_groupButton_62cc84"[39m
    [33mhref[39m=[32m"/anime/22/group/7"[39m
  [36m/>[39m

  Name "Version abspielen":
  [36m<a[39m
    [33maria-label[39m=[32m"Version abspielen"[39m
    [33mclass[39m=[32m"_playButton_62cc84"[39m
    [33mhref[39m=[32m"/api/releases/10/stream"[39m
    [33mrel[39m=[32m"noreferrer"[39m
    [33mtarget[39m=[32m"_blank"[39m
  [36m/>[39m

  --------------------------------------------------
  list:

  Name "":
  [36m<ul[39m
    [33mclass[39m=[32m"_episodeList_62cc84"[39m
  [36m/>[39m

  --------------------------------------------------
  listitem:

  Name "":
  [36m<li[39m
    [33mclass[39m=[32m"_episodeCard_62cc84"[39m
  [36m/>[39m

  --------------------------------------------------
  paragraph:

  Name "":
  [36m<p[39m
    [33mclass[39m=[32m"_episodeNumber_62cc84"[39m
  [36m/>[39m

  Name "":
  [36m<p[39m
    [33mclass[39m=[32m"_summaryLine_62cc84"[39m
  [36m/>[39m

  Name "":
  [36m<p[39m
    [33mclass[39m=[32m"_versionGroupName_62cc84"[39m
  [36m/>[39m

  Name "":
  [36m<p[39m
    [33mclass[39m=[32m"_versionReleaseName_62cc84"[39m
  [36m/>[39m

  --------------------------------------------------

Ignored nodes: comments, script, style
[36m<body>[39m
  [36m<div>[39m
    [36m<section[39m
      [33mclass[39m=[32m"_section_62cc84"[39m
    [36m>[39m
      [36m<div[39m
        [33mclass[39m=[32m"_filterRow_62cc84"[39m
      [36m>[39m
        [36m<button[39m
          [33maria-pressed[39m=[32m"true"[39m
          [33mclass[39m=[32m"_filterChip_62cc84 _filterChipActive_62cc84"[39m
          [33mtype[39m=[32m"button"[39m
        [36m>[39m
          [0mAnderer Gruppenname[0m
        [36m</button>[39m
        [36m<button[39m
          [33maria-pressed[39m=[32m"false"[39m
          [33mclass[39m=[32m"_filterChip_62cc84 "[39m
          [33mtype[39m=[32m"button"[39m
        [36m>[39m
          [0mZweite Gruppe[0m
        [36m</button>[39m
      [36m</div>[39m
      [36m<div[39m
        [33mclass[39m=[32m"_groupCtaRow_62cc84"[39m
      [36m>[39m
        [36m<a[39m
          [33maria-label[39m=[32m"Zum Gruppenbereich"[39m
          [33mclass[39m=[32m"_groupButton_62cc84"[39m
          [33mhref[39m=[32m"/anime/22/group/7"[39m
        [36m>[39m
          [0mGruppenbereich[0m
        [36m</a>[39m
      [36m</div>[39m
      [36m<ul[39m
        [33mclass[39m=[32m"_episodeList_62cc84"[39m
      [36m>[39m
        [36m<li[39m
          [33mclass[39m=[32m"_episodeCard_62cc84"[39m
        [36m>[39m
          [36m<button[39m
            [33maria-controls[39m=[32m"episode-versions-1"[39m
            [33maria-expanded[39m=[32m"true"[39m
            [33mclass[39m=[32m"_episodeHeader_62cc84"[39m
            [33mtype[39m=[32m"button"[39m
          [36m>[39m
            [36m<div>[39m
              [36m<p[39m
                [33mclass[39m=[32m"_episodeNumber_62cc84"[39m
              [36m>[39m
                [0mFolge [0m
                [0m1[0m
              [36m</p>[39m
              [36m<p[39m
                [33mclass[39m=[32m"_summaryLine_62cc84"[39m
              [36m>[39m
                [0mGruppenfolge[0m
              [36m</p>[39m
            [36m</div>[39m
            [36m<span[39m
              [33mclass[39m=[32m"_countBadge_62cc84"[39m
            [36m>[39m
              [0m+2 Versionen[0m
            [36m</span>[39m
          [36m</button>[39m
          [36m<div[39m
            [33mclass[39m=[32m"_versionList_62cc84"[39m
            [33mid[39m=[32m"episode-versions-1"[39m
          [36m>[39m
            [36m<div[39m
              [33mclass[39m=[32m"_versionRow_62cc84"[39m
            [36m>[39m
              [36m<div[39m
                [33mclass[39m=[32m"_versionMeta_62cc84"[39m
              [36m>[39m
                [36m<div[39m
                  [33mclass[39m=[32m"_versionIdentity_62cc84"[39m
                [36m>[39m
                  [36m<div[39m
                    [33maria-hidden[39m=[32m"true"[39m
                    [33mclass[39m=[32m"_versionLogoFallback_62cc84"[39m
                  [36m>[39m
                    [0mA[0m
                  [36m</div>[39m
                  [36m<div[39m
                    [33mclass[39m=[32m"_versionIdentityText_62cc84"[39m
                  [36m>[39m
                    [36m<p[39m
                      [33mclass[39m=[32m"_versionGroupName_62cc84"[39m
                    [36m>[39m
                      [0mAnderer Gruppenname[0m
                    [36m</p>[39m
                    [36m<p[39m
                      [33mclass[39m=[32m"_versionReleaseName_62cc84"[39m
                    [36m>[39m
                      [0mVariante 7[0m
                    [36m</p>[39m
                  [36m</div>[39m
                [36m</div>[39m
                [36m<div[39m
                  [33mclass[39m=[32m"_badgeRow_62cc84"[39m
                [36m>[39m
                  [36m<span[39m
                    [33mclass[39m=[32m"_metaBadge_62cc84"[39m
                  [36m>[39m
                    [0mn/a[0m
                  [36m</span>[39m
                  [36m<span[39m
                    [33mclass[39m=[32m"_metaBadge_62cc84"[39m
                  [36m>[39m
                    [0mUnbekannt[0m
                  [36m</span>[39m
                  [36m<span[39m
                    [33mclass[39m=[32m"_metaBadge_62cc84"[39m
                  [36m>[39m
                    [0mKein Datum[0m
                  [36m</span>[39m
                [36m</div>[39m
              [36m</div>[39m
              [36m<a[39m
                [33maria-label[39m=[32m"Version abspielen"[39m
                [33mclass[39m=[32m"_playButton_62cc84"[39m
                [33mhref[39m=[32m"/api/releases/10/stream"[39m
                [33mrel[39m=[32m"noreferrer"[39m
                [33mtarget[39m=[32m"_blank"[39m
              [36m>[39m
                [0mPlay[0m
              [36m</a>[39m
            [36m</div>[39m
          [36m</div>[39m
        [36m</li>[39m
      [36m</ul>[39m
    [36m</section>[39m
  [36m</div>[39m
[36m</body>[39m
 ❯ Object.getElementError node_modules/@testing-library/dom/dist/config.js:37:19
 ❯ node_modules/@testing-library/dom/dist/query-helpers.js:76:38
 ❯ node_modules/@testing-library/dom/dist/query-helpers.js:52:17
 ❯ node_modules/@testing-library/dom/dist/query-helpers.js:95:19
 ❯ assertGroup src/components/fansubs/FansubVersionBrowser.test.tsx:82:24
     80|   const selected = fansubs[id === 7 ? 0 : 1].fansub_group!
     81|   expect(screen.getByRole('button', { name: selected.name }).getAttrib…
     82|   expect(within(screen.getByRole('article')).getByRole('link', { name:…
       |                        ^
     83|   expect(screen.getByText(`Variante ${id}`)).toBeTruthy()
     84|   expect(screen.queryByText(`Variante ${id === 7 ? 9 : 7}`)).toBeNull()
 ❯ src/components/fansubs/FansubVersionBrowser.test.tsx:142:5

⎯⎯⎯⎯⎯⎯⎯⎯⎯⎯⎯⎯⎯⎯⎯⎯⎯⎯⎯⎯⎯⎯⎯[4/17]⎯

 FAIL  src/components/fansubs/FansubVersionBrowser.test.tsx > one deterministic group owner > handles clear and validates removed groups/new anime props
TestingLibraryElementError: Unable to find an accessible element with the role "article"

Here are the accessible roles:

  button:

  Name "Anderer Gruppenname":
  [36m<button[39m
    [33maria-pressed[39m=[32m"true"[39m
    [33mclass[39m=[32m"_filterChip_62cc84 _filterChipActive_62cc84"[39m
    [33mtype[39m=[32m"button"[39m
  [36m/>[39m

  Name "Zweite Gruppe":
  [36m<button[39m
    [33maria-pressed[39m=[32m"false"[39m
    [33mclass[39m=[32m"_filterChip_62cc84 "[39m
    [33mtype[39m=[32m"button"[39m
  [36m/>[39m

  Name "Folge 1 Gruppenfolge +2 Versionen":
  [36m<button[39m
    [33maria-controls[39m=[32m"episode-versions-1"[39m
    [33maria-expanded[39m=[32m"true"[39m
    [33mclass[39m=[32m"_episodeHeader_62cc84"[39m
    [33mtype[39m=[32m"button"[39m
  [36m/>[39m

  --------------------------------------------------
  link:

  Name "Zum Gruppenbereich":
  [36m<a[39m
    [33maria-label[39m=[32m"Zum Gruppenbereich"[39m
    [33mclass[39m=[32m"_groupButton_62cc84"[39m
    [33mhref[39m=[32m"/anime/22/group/7"[39m
  [36m/>[39m

  Name "Version abspielen":
  [36m<a[39m
    [33maria-label[39m=[32m"Version abspielen"[39m
    [33mclass[39m=[32m"_playButton_62cc84"[39m
    [33mhref[39m=[32m"/api/releases/10/stream"[39m
    [33mrel[39m=[32m"noreferrer"[39m
    [33mtarget[39m=[32m"_blank"[39m
  [36m/>[39m

  --------------------------------------------------
  list:

  Name "":
  [36m<ul[39m
    [33mclass[39m=[32m"_episodeList_62cc84"[39m
  [36m/>[39m

  --------------------------------------------------
  listitem:

  Name "":
  [36m<li[39m
    [33mclass[39m=[32m"_episodeCard_62cc84"[39m
  [36m/>[39m

  --------------------------------------------------
  paragraph:

  Name "":
  [36m<p[39m
    [33mclass[39m=[32m"_episodeNumber_62cc84"[39m
  [36m/>[39m

  Name "":
  [36m<p[39m
    [33mclass[39m=[32m"_summaryLine_62cc84"[39m
  [36m/>[39m

  Name "":
  [36m<p[39m
    [33mclass[39m=[32m"_versionGroupName_62cc84"[39m
  [36m/>[39m

  Name "":
  [36m<p[39m
    [33mclass[39m=[32m"_versionReleaseName_62cc84"[39m
  [36m/>[39m

  --------------------------------------------------

Ignored nodes: comments, script, style
[36m<body>[39m
  [36m<div>[39m
    [36m<section[39m
      [33mclass[39m=[32m"_section_62cc84"[39m
    [36m>[39m
      [36m<div[39m
        [33mclass[39m=[32m"_filterRow_62cc84"[39m
      [36m>[39m
        [36m<button[39m
          [33maria-pressed[39m=[32m"true"[39m
          [33mclass[39m=[32m"_filterChip_62cc84 _filterChipActive_62cc84"[39m
          [33mtype[39m=[32m"button"[39m
        [36m>[39m
          [0mAnderer Gruppenname[0m
        [36m</button>[39m
        [36m<button[39m
          [33maria-pressed[39m=[32m"false"[39m
          [33mclass[39m=[32m"_filterChip_62cc84 "[39m
          [33mtype[39m=[32m"button"[39m
        [36m>[39m
          [0mZweite Gruppe[0m
        [36m</button>[39m
      [36m</div>[39m
      [36m<div[39m
        [33mclass[39m=[32m"_groupCtaRow_62cc84"[39m
      [36m>[39m
        [36m<a[39m
          [33maria-label[39m=[32m"Zum Gruppenbereich"[39m
          [33mclass[39m=[32m"_groupButton_62cc84"[39m
          [33mhref[39m=[32m"/anime/22/group/7"[39m
        [36m>[39m
          [0mGruppenbereich[0m
        [36m</a>[39m
      [36m</div>[39m
      [36m<ul[39m
        [33mclass[39m=[32m"_episodeList_62cc84"[39m
      [36m>[39m
        [36m<li[39m
          [33mclass[39m=[32m"_episodeCard_62cc84"[39m
        [36m>[39m
          [36m<button[39m
            [33maria-controls[39m=[32m"episode-versions-1"[39m
            [33maria-expanded[39m=[32m"true"[39m
            [33mclass[39m=[32m"_episodeHeader_62cc84"[39m
            [33mtype[39m=[32m"button"[39m
          [36m>[39m
            [36m<div>[39m
              [36m<p[39m
                [33mclass[39m=[32m"_episodeNumber_62cc84"[39m
              [36m>[39m
                [0mFolge [0m
                [0m1[0m
              [36m</p>[39m
              [36m<p[39m
                [33mclass[39m=[32m"_summaryLine_62cc84"[39m
              [36m>[39m
                [0mGruppenfolge[0m
              [36m</p>[39m
            [36m</div>[39m
            [36m<span[39m
              [33mclass[39m=[32m"_countBadge_62cc84"[39m
            [36m>[39m
              [0m+2 Versionen[0m
            [36m</span>[39m
          [36m</button>[39m
          [36m<div[39m
            [33mclass[39m=[32m"_versionList_62cc84"[39m
            [33mid[39m=[32m"episode-versions-1"[39m
          [36m>[39m
            [36m<div[39m
              [33mclass[39m=[32m"_versionRow_62cc84"[39m
            [36m>[39m
              [36m<div[39m
                [33mclass[39m=[32m"_versionMeta_62cc84"[39m
              [36m>[39m
                [36m<div[39m
                  [33mclass[39m=[32m"_versionIdentity_62cc84"[39m
                [36m>[39m
                  [36m<div[39m
                    [33maria-hidden[39m=[32m"true"[39m
                    [33mclass[39m=[32m"_versionLogoFallback_62cc84"[39m
                  [36m>[39m
                    [0mA[0m
                  [36m</div>[39m
                  [36m<div[39m
                    [33mclass[39m=[32m"_versionIdentityText_62cc84"[39m
                  [36m>[39m
                    [36m<p[39m
                      [33mclass[39m=[32m"_versionGroupName_62cc84"[39m
                    [36m>[39m
                      [0mAnderer Gruppenname[0m
                    [36m</p>[39m
                    [36m<p[39m
                      [33mclass[39m=[32m"_versionReleaseName_62cc84"[39m
                    [36m>[39m
                      [0mVariante 7[0m
                    [36m</p>[39m
                  [36m</div>[39m
                [36m</div>[39m
                [36m<div[39m
                  [33mclass[39m=[32m"_badgeRow_62cc84"[39m
                [36m>[39m
                  [36m<span[39m
                    [33mclass[39m=[32m"_metaBadge_62cc84"[39m
                  [36m>[39m
                    [0mn/a[0m
                  [36m</span>[39m
                  [36m<span[39m
                    [33mclass[39m=[32m"_metaBadge_62cc84"[39m
                  [36m>[39m
                    [0mUnbekannt[0m
                  [36m</span>[39m
                  [36m<span[39m
                    [33mclass[39m=[32m"_metaBadge_62cc84"[39m
                  [36m>[39m
                    [0mKein Datum[0m
                  [36m</span>[39m
                [36m</div>[39m
              [36m</div>[39m
              [36m<a[39m
                [33maria-label[39m=[32m"Version abspielen"[39m
                [33mclass[39m=[32m"_playButton_62cc84"[39m
                [33mhref[39m=[32m"/api/releases/10/stream"[39m
                [33mrel[39m=[32m"noreferrer"[39m
                [33mtarget[39m=[32m"_blank"[39m
              [36m>[39m
                [0mPlay[0m
              [36m</a>[39m
            [36m</div>[39m
          [36m</div>[39m
        [36m</li>[39m
      [36m</ul>[39m
    [36m</section>[39m
  [36m</div>[39m
[36m</body>[39m
 ❯ Object.getElementError node_modules/@testing-library/dom/dist/config.js:37:19
 ❯ node_modules/@testing-library/dom/dist/query-helpers.js:76:38
 ❯ node_modules/@testing-library/dom/dist/query-helpers.js:52:17
 ❯ node_modules/@testing-library/dom/dist/query-helpers.js:95:19
 ❯ assertGroup src/components/fansubs/FansubVersionBrowser.test.tsx:82:24
     80|   const selected = fansubs[id === 7 ? 0 : 1].fansub_group!
     81|   expect(screen.getByRole('button', { name: selected.name }).getAttrib…
     82|   expect(within(screen.getByRole('article')).getByRole('link', { name:…
       |                        ^
     83|   expect(screen.getByText(`Variante ${id}`)).toBeTruthy()
     84|   expect(screen.queryByText(`Variante ${id === 7 ? 9 : 7}`)).toBeNull()
 ❯ src/components/fansubs/FansubVersionBrowser.test.tsx:150:5

⎯⎯⎯⎯⎯⎯⎯⎯⎯⎯⎯⎯⎯⎯⎯⎯⎯⎯⎯⎯⎯⎯⎯[5/17]⎯

 FAIL  src/components/fansubs/FansubVersionBrowser.test.tsx > one deterministic group owner > keeps selection usable when storage access is blocked
Error: blocked
 ❯ src/components/fansubs/FansubVersionBrowser.test.tsx:163:101
    161|   })
    162|   it.each(['access', 'read', 'write'])('keeps selection usable when st…
    163|     if (mode === 'access') vi.spyOn(window, 'localStorage', 'get').moc…
       |                                                                                                     ^
    164|     if (mode === 'read') vi.spyOn(Storage.prototype, 'getItem').mockIm…
    165|     if (mode === 'write') vi.spyOn(Storage.prototype, 'setItem').mockI…
 ❯ resolveInitialActiveFansubGroupID src/components/fansubs/FansubVersionBrowser.tsx:49:31
 ❯ src/components/fansubs/FansubVersionBrowser.tsx:127:87
 ❯ mountState node_modules/react-dom/cjs/react-dom.development.js:16167:20
 ❯ Object.useState node_modules/react-dom/cjs/react-dom.development.js:16880:16
 ❯ useState node_modules/react/cjs/react.development.js:1622:21
 ❯ FansubVersionBrowser src/components/fansubs/FansubVersionBrowser.tsx:127:57
 ❯ renderWithHooks node_modules/react-dom/cjs/react-dom.development.js:15486:18

⎯⎯⎯⎯⎯⎯⎯⎯⎯⎯⎯⎯⎯⎯⎯⎯⎯⎯⎯⎯⎯⎯⎯[6/17]⎯

 FAIL  src/components/fansubs/FansubVersionBrowser.test.tsx > one deterministic group owner > keeps selection usable when storage read is blocked
Error: blocked
 ❯ Proxy.<anonymous> src/components/fansubs/FansubVersionBrowser.test.tsx:164:98
    162|   it.each(['access', 'read', 'write'])('keeps selection usable when st…
    163|     if (mode === 'access') vi.spyOn(window, 'localStorage', 'get').moc…
    164|     if (mode === 'read') vi.spyOn(Storage.prototype, 'getItem').mockIm…
       |                                                                                                  ^
    165|     if (mode === 'write') vi.spyOn(Storage.prototype, 'setItem').mockI…
    166|     render(stateBrowser())
 ❯ resolveInitialActiveFansubGroupID src/components/fansubs/FansubVersionBrowser.tsx:49:44
 ❯ src/components/fansubs/FansubVersionBrowser.tsx:127:87
 ❯ mountState node_modules/react-dom/cjs/react-dom.development.js:16167:20
 ❯ Object.useState node_modules/react-dom/cjs/react-dom.development.js:16880:16
 ❯ useState node_modules/react/cjs/react.development.js:1622:21
 ❯ FansubVersionBrowser src/components/fansubs/FansubVersionBrowser.tsx:127:57
 ❯ renderWithHooks node_modules/react-dom/cjs/react-dom.development.js:15486:18

⎯⎯⎯⎯⎯⎯⎯⎯⎯⎯⎯⎯⎯⎯⎯⎯⎯⎯⎯⎯⎯⎯⎯[7/17]⎯

 FAIL  src/components/fansubs/FansubVersionBrowser.test.tsx > one deterministic group owner > keeps selection usable when storage write is blocked
Error: blocked
 ❯ Proxy.<anonymous> src/components/fansubs/FansubVersionBrowser.test.tsx:165:99
    163|     if (mode === 'access') vi.spyOn(window, 'localStorage', 'get').moc…
    164|     if (mode === 'read') vi.spyOn(Storage.prototype, 'getItem').mockIm…
    165|     if (mode === 'write') vi.spyOn(Storage.prototype, 'setItem').mockI…
       |                                                                                                   ^
    166|     render(stateBrowser())
    167|     await act(async () => {})
 ❯ src/components/fansubs/FansubVersionBrowser.tsx:141:25
 ❯ commitHookEffectListMount node_modules/react-dom/cjs/react-dom.development.js:23189:26
 ❯ commitPassiveMountOnFiber node_modules/react-dom/cjs/react-dom.development.js:24970:11
 ❯ commitPassiveMountEffects_complete node_modules/react-dom/cjs/react-dom.development.js:24930:9
 ❯ commitPassiveMountEffects_begin node_modules/react-dom/cjs/react-dom.development.js:24917:7
 ❯ commitPassiveMountEffects node_modules/react-dom/cjs/react-dom.development.js:24905:3
 ❯ flushPassiveEffectsImpl node_modules/react-dom/cjs/react-dom.development.js:27078:3

⎯⎯⎯⎯⎯⎯⎯⎯⎯⎯⎯⎯⎯⎯⎯⎯⎯⎯⎯⎯⎯⎯⎯[8/17]⎯


 Test Files  1 failed | 1 passed (2)
      Tests  17 failed | 10 passed (27)
   Start at  22:41:59
   Duration  1.39s (transform 184ms, setup 141ms, collect 448ms, tests 617ms, environment 594ms, prepare 105ms)

